election_date,state_code,party,source_party,votes,vote_share_percent,previous_votes,previous_vote_share_percent,change_percentage_points
2005-09-18,01,CDU,CDU,624510,36.412263,625100,36.02967,0.382593
2005-09-18,01,Die Linke,Die Linke.,78755,4.591836,22579,1.301414,3.290422
2005-09-18,01,FAMILIE,FAMILIE,20259,1.181208,,,
2005-09-18,01,FDP,FDP,173320,10.10548,139417,8.035752,2.069728
2005-09-18,01,GRÜNE,GRÜNE,144712,8.437481,162425,9.361893,-0.924412
2005-09-18,01,MLPD,MLPD,1131,0.065943,,,
2005-09-18,01,NPD,NPD,17061,0.994747,4701,0.270957,0.72379
2005-09-18,01,SPD,SPD,655361,38.211041,743838,42.87352,-4.662479
2005-09-18,02,APPD,APPD,1319,0.139819,,,
2005-09-18,02,CDU,CDU,272418,28.877294,270318,28.057644,0.81965
2005-09-18,02,Die Linke,Die Linke.,59463,6.303293,20253,2.102159,4.201134
2005-09-18,02,Die PARTEI,Die PARTEI,2506,0.265645,,,
2005-09-18,02,FDP,FDP,84593,8.967164,65574,6.80625,2.160914
2005-09-18,02,GRÜNE,GRÜNE,140751,14.920116,156010,16.19305,-1.272934
2005-09-18,02,MLPD,MLPD,441,0.046748,,,
2005-09-18,02,NPD,NPD,9463,1.003112,1956,0.203023,0.800089
2005-09-18,02,SPD,SPD,365546,38.7492,404738,42.009761,-3.260561
2005-09-18,02,Tierschutzpartei,Die Tierschutzpartei,6864,0.727609,,,
2005-09-18,03,BüSo,BüSo,2188,0.045893,1278,0.026371,0.019522
2005-09-18,03,CDU,CDU,1599947,33.558413,1673495,34.531872,-0.973459
2005-09-18,03,Die Linke,Die Linke.,205200,4.304009,50380,1.03957,3.264439
2005-09-18,03,FDP,FDP,426341,8.942376,342990,7.077456,1.86492
2005-09-18,03,GRAUE,GRAUE,16910,0.354682,7258,0.149766,0.204916
2005-09-18,03,GRÜNE,GRÜNE,354853,7.442936,353644,7.297297,0.145639
2005-09-18,03,MLPD,MLPD,1911,0.040083,,,
2005-09-18,03,NPD,NPD,59744,1.253113,12905,0.266289,0.986824
2005-09-18,03,PBC,PBC,11107,0.232966,9246,0.190787,0.042179
2005-09-18,03,Pro DM,Pro DM,3869,0.081151,,,
2005-09-18,03,SPD,SPD,2058174,43.169588,2318625,47.843861,-4.674273
2005-09-18,03,Tierschutzpartei,Die Tierschutzpartei,27404,0.574791,17538,0.361889,0.212902
2005-09-18,04,CDU,CDU,82389,22.76436,92774,24.567824,-1.803464
2005-09-18,04,DIE FRAUEN,DIE FRAUEN,1452,0.401193,,,
2005-09-18,04,Die Linke,Die Linke.,30570,8.446595,8443,2.235822,6.210773
2005-09-18,04,FDP,FDP,29329,8.103702,25306,6.701375,1.402327
2005-09-18,04,GRAUE,GRAUE,3847,1.062939,1954,0.517446,0.545493
2005-09-18,04,GRÜNE,GRÜNE,51600,14.257255,56632,14.996928,-0.739673
2005-09-18,04,MLPD,MLPD,283,0.078194,,,
2005-09-18,04,NPD,NPD,5341,1.475736,1801,0.476929,0.998807
2005-09-18,04,PBC,PBC,1083,0.299237,,,
2005-09-18,04,Pro DM,Pro DM,661,0.182637,,,
2005-09-18,04,SPD,SPD,155366,42.928153,183368,48.558354,-5.630201
2005-09-18,05,BüSo,BüSo,2607,0.025444,1561,0.014906,0.010538
2005-09-18,05,CDU,CDU,3524351,34.397231,3675732,35.098696,-0.701465
2005-09-18,05,Deutschland,Deutschland,9643,0.094114,,,
2005-09-18,05,Die Linke,Die Linke.,529967,5.172413,125446,1.197854,3.974559
2005-09-18,05,FAMILIE,FAMILIE,42421,0.414024,22820,0.217903,0.196121
2005-09-18,05,FDP,FDP,1024924,10.003132,978841,9.346721,0.656411
2005-09-18,05,GRAUE,GRAUE,37135,0.362433,22199,0.211973,0.15046
2005-09-18,05,GRÜNE,GRÜNE,782551,7.637601,930684,8.886882,-1.249281
2005-09-18,05,MLPD,MLPD,5815,0.056754,,,
2005-09-18,05,NPD,NPD,80512,0.785787,25883,0.247151,0.538636
2005-09-18,05,PBC,PBC,16957,0.165498,15358,0.14665,0.018848
2005-09-18,05,PSG,PSG,4087,0.039889,,,
2005-09-18,05,REP,REP,35390,0.345402,40669,0.388339,-0.042937
2005-09-18,05,SPD,SPD,4096112,39.977548,4499388,42.963592,-2.986044
2005-09-18,05,Tierschutzpartei,Die Tierschutzpartei,49549,0.483592,38146,0.364247,0.119345
2005-09-18,05,ZENTRUM,ZENTRUM,4010,0.039137,3127,0.029859,0.009278
2005-09-18,06,BüSo,BüSo,2958,0.088038,1454,0.042585,0.045453
2005-09-18,06,CDU,CDU,1131496,33.676318,1266054,37.080675,-3.404357
2005-09-18,06,Die Linke,Die Linke.,178913,5.324925,45891,1.344073,3.980852
2005-09-18,06,FDP,FDP,392123,11.670619,280927,8.227898,3.442721
2005-09-18,06,GRAUE,GRAUE,15213,0.452779,6431,0.188354,0.264425
2005-09-18,06,GRÜNE,GRÜNE,340288,10.127872,366032,10.720485,-0.592613
2005-09-18,06,MLPD,MLPD,1725,0.051341,,,
2005-09-18,06,NPD,NPD,41380,1.231578,12613,0.369414,0.862164
2005-09-18,06,PSG,PSG,3346,0.099586,,,
2005-09-18,06,REP,REP,27926,0.831152,26433,0.77418,0.056972
2005-09-18,06,SPD,SPD,1197762,35.64857,1355496,39.700286,-4.051716
2005-09-18,06,Tierschutzpartei,Die Tierschutzpartei,26786,0.797222,18720,0.548279,0.248943
2005-09-18,07,CDU,CDU,877632,36.916569,967011,40.245407,-3.328838
2005-09-18,07,Die Linke,Die Linke.,132154,5.558904,24099,1.002961,4.555943
2005-09-18,07,FAMILIE,FAMILIE,25576,1.075825,,,
2005-09-18,07,FDP,FDP,278945,11.733497,223761,9.312565,2.420932
2005-09-18,07,GRÜNE,GRÜNE,172900,7.272837,190645,7.934331,-0.661494
2005-09-18,07,MLPD,MLPD,1680,0.070667,,,
2005-09-18,07,NPD,NPD,31012,1.304484,10321,0.429543,0.874941
2005-09-18,07,PBC,PBC,9026,0.379668,7721,0.321335,0.058333
2005-09-18,07,REP,REP,26340,1.107961,23450,0.97595,0.132011
2005-09-18,07,SPD,SPD,822074,34.579587,918736,38.236281,-3.656694
2005-09-18,08,BüSo,BüSo,4260,0.073165,1360,0.022896,0.050269
2005-09-18,08,CDU,CDU,2283085,39.211778,2543789,42.825747,-3.613969
2005-09-18,08,Die Linke,Die Linke.,219105,3.763109,56156,0.94541,2.817699
2005-09-18,08,FAMILIE,FAMILIE,45188,0.7761,,,
2005-09-18,08,FDP,FDP,693835,11.916553,461801,7.774612,4.141941
2005-09-18,08,GRAUE,GRAUE,28430,0.488283,10144,0.170778,0.317505
2005-09-18,08,GRÜNE,GRÜNE,623091,10.701532,676342,11.386499,-0.684967
2005-09-18,08,MLPD,MLPD,5579,0.095819,,,
2005-09-18,08,NPD,NPD,66644,1.144605,16404,0.276168,0.868437
2005-09-18,08,PBC,PBC,33420,0.573985,29824,0.502099,0.071886
2005-09-18,08,REP,REP,64976,1.115957,65462,1.10208,0.013877
2005-09-18,08,SPD,SPD,1754834,30.139115,1989524,33.494465,-3.35535
2005-09-18,09,BP,BP,35543,0.500937,9379,0.127387,0.37355
2005-09-18,09,BüSo,BüSo,5501,0.07753,1688,0.022927,0.054603
2005-09-18,09,CSU,CSU,3494309,49.248179,4315080,58.607989,-9.35981
2005-09-18,09,DIE FRAUEN,DIE FRAUEN,17425,0.245585,7881,0.107041,0.138544
2005-09-18,09,Die Linke,Die Linke.,244701,3.448773,49515,0.672519,2.776254
2005-09-18,09,FAMILIE,FAMILIE,45396,0.639803,,,
2005-09-18,09,FDP,FDP,673817,9.496659,332675,4.518436,4.978223
2005-09-18,09,GRAUE,GRAUE,22380,0.31542,7268,0.098715,0.216705
2005-09-18,09,GRÜNE,GRÜNE,559941,7.89171,562483,7.639719,0.251991
2005-09-18,09,MLPD,MLPD,3448,0.048596,,,
2005-09-18,09,NPD,NPD,95196,1.341676,16796,0.228125,1.113551
2005-09-18,09,PBC,PBC,17482,0.246388,10121,0.137465,0.108923
2005-09-18,09,REP,REP,73619,1.037573,50118,0.680709,0.356864
2005-09-18,09,SPD,SPD,1806548,25.461171,1922551,26.112343,-0.651172
2005-09-18,10,CDU,CDU,191067,30.15968,224842,34.969773,-4.810093
2005-09-18,10,Die Linke,Die Linke.,117089,18.482348,9000,1.399774,17.082574
2005-09-18,10,FAMILIE,FAMILIE,13002,2.052349,7225,1.123707,0.928642
2005-09-18,10,FDP,FDP,47188,7.448565,41110,6.393856,1.054709
2005-09-18,10,GRAUE,GRAUE,4337,0.68459,3424,0.532536,0.152054
2005-09-18,10,GRÜNE,GRÜNE,37489,5.91759,48602,7.55909,-1.6415
2005-09-18,10,MLPD,MLPD,686,0.108284,,,
2005-09-18,10,NPD,NPD,11459,1.808788,4449,0.691955,1.116833
2005-09-18,10,SPD,SPD,211201,33.337806,295521,45.962508,-12.624702
2005-09-18,11,APPD,APPD,2914,0.156951,,,
2005-09-18,11,BüSo,BüSo,3494,0.18819,1926,0.102877,0.085313
2005-09-18,11,CDU,CDU,408715,22.013739,484017,25.853772,-3.840033
2005-09-18,11,DIE FRAUEN,DIE FRAUEN,8620,0.464281,7634,0.40777,0.056511
2005-09-18,11,Die Linke,Die Linke.,303630,16.353771,212642,11.358274,4.995497
2005-09-18,11,Die PARTEI,Die PARTEI,7873,0.424047,,,
2005-09-18,11,FDP,FDP,152157,8.195306,124004,6.623675,1.571631
2005-09-18,11,GRAUE,GRAUE,35119,1.891539,15910,0.849833,1.041706
2005-09-18,11,GRÜNE,GRÜNE,254546,13.710065,274008,14.63614,-0.926075
2005-09-18,11,MLPD,MLPD,1254,0.067542,,,
2005-09-18,11,NPD,NPD,29070,1.565735,11260,0.601453,0.964282
2005-09-18,11,PSG,PSG,1623,0.087416,,,
2005-09-18,11,REP,REP,9947,0.535754,12768,0.682003,-0.146249
2005-09-18,11,SPD,SPD,637674,34.345666,685170,36.598361,-2.252695
2005-09-18,12,50Plus,50Plus,10536,0.672104,,,
2005-09-18,12,CDU,CDU,322400,20.566287,339868,22.264439,-1.698152
2005-09-18,12,Die Linke,Die Linke.,416359,26.560046,263228,17.243823,9.316223
2005-09-18,12,FDP,FDP,107736,6.87261,88685,5.809673,1.062937
2005-09-18,12,GRAUE,GRAUE,14847,0.947108,8711,0.57065,0.376458
2005-09-18,12,GRÜNE,GRÜNE,80253,5.119436,68765,4.504732,0.614704
2005-09-18,12,MLPD,MLPD,3514,0.224162,,,
2005-09-18,12,NPD,NPD,50280,3.207422,23271,1.524462,1.68296
2005-09-18,12,SPD,SPD,561689,35.830823,707871,46.371976,-10.541153
2005-09-18,13,CDU,CDU,293316,29.576523,294746,30.28954,-0.713017
2005-09-18,13,Die Linke,Die Linke.,234702,23.66618,158823,16.321428,7.344752
2005-09-18,13,FDP,FDP,62049,6.256712,52816,5.42763,0.829082
2005-09-18,13,GRAUE,GRAUE,6766,0.68225,,,
2005-09-18,13,GRÜNE,GRÜNE,39379,3.970782,34180,3.512504,0.458278
2005-09-18,13,MLPD,MLPD,2949,0.297362,,,
2005-09-18,13,NPD,NPD,34747,3.503714,8190,0.841644,2.66207
2005-09-18,13,PBC,PBC,2981,0.300589,,,
2005-09-18,13,SPD,SPD,314830,31.745888,405415,41.662428,-9.91654
2005-09-18,14,AGFG,AGFG,21350,0.806249,,,
2005-09-18,14,BüSo,BüSo,14641,0.552894,6801,0.262881,0.290013
2005-09-18,14,CDU,CDU,795316,30.033866,868167,33.557535,-3.523669
2005-09-18,14,Die Linke,Die Linke.,603824,22.80247,418329,16.169804,6.632666
2005-09-18,14,FDP,FDP,269623,10.181891,187759,7.257508,2.924383
2005-09-18,14,GRÜNE,GRÜNE,126850,4.790292,119530,4.620231,0.170061
2005-09-18,14,MLPD,MLPD,3742,0.141311,,,
2005-09-18,14,NPD,NPD,126701,4.784665,36814,1.422983,3.361682
2005-09-18,14,PBC,PBC,16549,0.624947,15509,0.599474,0.025473
2005-09-18,14,PSG,PSG,6549,0.247313,,,
2005-09-18,14,REP,REP,13112,0.495154,26190,1.01233,-0.517176
2005-09-18,14,SPD,SPD,649807,24.538946,861685,33.306985,-8.768039
2005-09-18,15,CDU,CDU,357663,24.656568,415486,29.042982,-4.386414
2005-09-18,15,Die Linke,Die Linke.,385422,26.570218,206129,14.408671,12.161547
2005-09-18,15,FDP,FDP,117155,8.07643,108267,7.567996,0.508434
2005-09-18,15,GRÜNE,GRÜNE,59146,4.077406,48574,3.395382,0.682024
2005-09-18,15,MLPD,MLPD,5412,0.373092,,,
2005-09-18,15,NPD,NPD,36970,2.548637,14296,0.999308,1.549329
2005-09-18,15,Offensive D,Offensive D,3338,0.230115,,,
2005-09-18,15,Pro DM,Pro DM,5739,0.395635,,,
2005-09-18,15,REP,REP,4825,0.332626,,,
2005-09-18,15,SPD,SPD,474909,32.739272,618016,43.200078,-10.460806
2005-09-18,16,CDU,CDU,372435,25.671416,426162,29.396585,-3.725169
2005-09-18,16,Die Linke,Die Linke.,378340,26.078439,245789,16.954485,9.123954
2005-09-18,16,FDP,FDP,115009,7.927407,84882,5.855146,2.072261
2005-09-18,16,GRAUE,GRAUE,13617,0.9386,5989,0.41312,0.52548
2005-09-18,16,GRÜNE,GRÜNE,69976,4.823346,61799,4.262885,0.560461
2005-09-18,16,MLPD,MLPD,5668,0.390687,,,
2005-09-18,16,NPD,NPD,52988,3.652388,13572,0.936194,2.716194
2005-09-18,16,REP,REP,9966,0.686942,11348,0.782783,-0.095841
2005-09-18,16,SPD,SPD,432778,29.830773,578726,39.920425,-10.089652
2009-09-27,01,CDU,CDU,518457,32.212262,624510,36.412263,-4.200001
2009-09-27,01,DVU,DVU,1807,0.112271,,,
2009-09-27,01,Die Linke,DIE LINKE,127203,7.903252,78755,4.591836,3.311416
2009-09-27,01,FDP,FDP,261767,16.263851,173320,10.10548,6.158371
2009-09-27,01,GRÜNE,GRÜNE,203782,12.661183,144712,8.437481,4.223702
2009-09-27,01,MLPD,MLPD,616,0.038273,1131,0.065943,-0.02767
2009-09-27,01,NPD,NPD,15848,0.984652,17061,0.994747,-0.010095
2009-09-27,01,PIRATEN,PIRATEN,33277,2.067534,,,
2009-09-27,01,RENTNER,RENTNER,16006,0.994469,,,
2009-09-27,01,SPD,SPD,430739,26.762253,655361,38.211041,-11.448788
2009-09-27,02,CDU,CDU,246667,27.829902,272418,28.877294,-1.047392
2009-09-27,02,DVU,DVU,1184,0.133583,,,
2009-09-27,02,Die Linke,DIE LINKE,99096,11.180385,59463,6.303293,4.877092
2009-09-27,02,FDP,FDP,117143,13.216516,84593,8.967164,4.249352
2009-09-27,02,GRÜNE,GRÜNE,138454,15.620903,140751,14.920116,0.700787
2009-09-27,02,MLPD,MLPD,445,0.050207,441,0.046748,0.003459
2009-09-27,02,NPD,NPD,7679,0.866374,9463,1.003112,-0.136738
2009-09-27,02,PIRATEN,PIRATEN,23168,2.613901,,,
2009-09-27,02,RENTNER,RENTNER,6572,0.741478,,,
2009-09-27,02,SPD,SPD,242942,27.409634,365546,38.7492,-11.339566
2009-09-27,02,ÖDP,ödp,2988,0.337117,,,
2009-09-27,03,CDU,CDU,1471530,33.197815,1599947,33.558413,-0.360598
2009-09-27,03,DVU,DVU,4318,0.097414,,,
2009-09-27,03,Die Linke,DIE LINKE,380373,8.58124,205200,4.304009,4.277231
2009-09-27,03,FDP,FDP,588401,13.274366,426341,8.942376,4.33199
2009-09-27,03,GRÜNE,GRÜNE,475742,10.732771,354853,7.442936,3.289835
2009-09-27,03,MLPD,MLPD,1353,0.030524,1911,0.040083,-0.009559
2009-09-27,03,NPD,NPD,53909,1.216191,59744,1.253113,-0.036922
2009-09-27,03,PIRATEN,PIRATEN,87046,1.963764,,,
2009-09-27,03,RRP,RRP,31977,0.721403,,,
2009-09-27,03,SPD,SPD,1297940,29.281613,2058174,43.169588,-13.887975
2009-09-27,03,Tierschutzpartei,Die Tierschutzpartei,34658,0.781887,27404,0.574791,0.207096
2009-09-27,03,ÖDP,ödp,5364,0.121012,,,
2009-09-27,04,CDU,CDU,80964,23.910623,82389,22.76436,1.146263
2009-09-27,04,DVU,DVU,1030,0.304184,,,
2009-09-27,04,Die Linke,DIE LINKE,48369,14.284533,30570,8.446595,5.837938
2009-09-27,04,FDP,FDP,35968,10.622218,29329,8.103702,2.518516
2009-09-27,04,GRÜNE,GRÜNE,52283,15.440432,51600,14.257255,1.183177
2009-09-27,04,MLPD,MLPD,216,0.06379,283,0.078194,-0.014404
2009-09-27,04,NPD,NPD,3612,1.066711,5341,1.475736,-0.409025
2009-09-27,04,PBC,PBC,855,0.252502,1083,0.299237,-0.046735
2009-09-27,04,PIRATEN,PIRATEN,8174,2.413979,,,
2009-09-27,04,REP,REP,577,0.170402,,,
2009-09-27,04,RRP,RRP,4144,1.223823,,,
2009-09-27,04,SPD,SPD,102419,30.246802,155366,42.928153,-12.681351
2009-09-27,05,BüSo,BüSo,2396,0.025518,2607,0.025444,0.000074
2009-09-27,05,CDU,CDU,3111478,33.138156,3524351,34.397231,-1.259075
2009-09-27,05,DVU,DVU,7358,0.078365,,,
2009-09-27,05,Die Linke,DIE LINKE,789814,8.411751,529967,5.172413,3.239338
2009-09-27,05,FAMILIE,FAMILIE,45106,0.480392,42421,0.414024,0.066368
2009-09-27,05,FDP,FDP,1394554,14.85241,1024924,10.003132,4.849278
2009-09-27,05,GRÜNE,GRÜNE,945831,10.073378,782551,7.637601,2.435777
2009-09-27,05,MLPD,MLPD,4268,0.045455,5815,0.056754,-0.011299
2009-09-27,05,NPD,NPD,88690,0.944575,80512,0.785787,0.158788
2009-09-27,05,PIRATEN,PIRATEN,158585,1.688977,,,
2009-09-27,05,PSG,PSG,1537,0.01637,4087,0.039889,-0.023519
2009-09-27,05,RENTNER,RENTNER,33821,0.360204,,,
2009-09-27,05,REP,REP,30015,0.319669,35390,0.345402,-0.025733
2009-09-27,05,RRP,RRP,12952,0.137943,,,
2009-09-27,05,SPD,SPD,2678956,28.53167,4096112,39.977548,-11.445878
2009-09-27,05,Tierschutzpartei,Die Tierschutzpartei,59731,0.636153,49549,0.483592,0.152561
2009-09-27,05,Volksabstimmung,Volksabstimmung,9367,0.099761,9643,0.094114,0.005647
2009-09-27,05,ZENTRUM,ZENTRUM,6087,0.064828,4010,0.039137,0.025691
2009-09-27,05,ÖDP,ödp,8866,0.094426,,,
2009-09-27,06,BüSo,BüSo,3746,0.117889,2958,0.088038,0.029851
2009-09-27,06,CDU,CDU,1022822,32.188801,1131496,33.676318,-1.487517
2009-09-27,06,DVU,DVU,2516,0.07918,,,
2009-09-27,06,Die Linke,DIE LINKE,271455,8.542846,178913,5.324925,3.217921
2009-09-27,06,FDP,FDP,527432,16.598591,392123,11.670619,4.927972
2009-09-27,06,GRÜNE,GRÜNE,381948,12.020125,340288,10.127872,1.892253
2009-09-27,06,MLPD,MLPD,1137,0.035782,1725,0.051341,-0.015559
2009-09-27,06,NPD,NPD,35929,1.130706,41380,1.231578,-0.100872
2009-09-27,06,PIRATEN,PIRATEN,66708,2.099339,,,
2009-09-27,06,REP,REP,19240,0.605494,27926,0.831152,-0.225658
2009-09-27,06,SPD,SPD,812721,25.576801,1197762,35.64857,-10.071769
2009-09-27,06,Tierschutzpartei,Die Tierschutzpartei,31917,1.004446,26786,0.797222,0.207224
2009-09-27,07,CDU,CDU,767487,34.995069,877632,36.916569,-1.9215
2009-09-27,07,DVU,DVU,1729,0.078837,,,
2009-09-27,07,Die Linke,DIE LINKE,205180,9.355583,132154,5.558904,3.796679
2009-09-27,07,FAMILIE,FAMILIE,22279,1.015855,25576,1.075825,-0.05997
2009-09-27,07,FDP,FDP,364673,16.627978,278945,11.733497,4.894481
2009-09-27,07,GRÜNE,GRÜNE,211971,9.665232,172900,7.272837,2.392395
2009-09-27,07,MLPD,MLPD,650,0.029638,1680,0.070667,-0.041029
2009-09-27,07,NPD,NPD,26077,1.189032,31012,1.304484,-0.115452
2009-09-27,07,PBC,PBC,5823,0.265511,9026,0.379668,-0.114157
2009-09-27,07,PIRATEN,PIRATEN,41728,1.90267,,,
2009-09-27,07,REP,REP,18208,0.830229,26340,1.107961,-0.277732
2009-09-27,07,SPD,SPD,520990,23.755557,822074,34.579587,-10.82403
2009-09-27,07,ÖDP,ödp,6334,0.288811,,,
2009-09-27,08,ADM,ADM,2889,0.053086,,,
2009-09-27,08,BüSo,BüSo,2872,0.052774,4260,0.073165,-0.020391
2009-09-27,08,CDU,CDU,1874481,34.444145,2283085,39.211778,-4.767633
2009-09-27,08,DIE VIOLETTEN,DIE VIOLETTEN,12593,0.2314,,,
2009-09-27,08,DVU,DVU,3473,0.063817,,,
2009-09-27,08,Die Linke,DIE LINKE,389637,7.159695,219105,3.763109,3.396586
2009-09-27,08,FDP,FDP,1022958,18.797157,693835,11.916553,6.880604
2009-09-27,08,GRÜNE,GRÜNE,755648,13.885256,623091,10.701532,3.183724
2009-09-27,08,MLPD,MLPD,3640,0.066886,5579,0.095819,-0.028933
2009-09-27,08,NPD,NPD,61575,1.131459,66644,1.144605,-0.013146
2009-09-27,08,PBC,PBC,24430,0.448908,33420,0.573985,-0.125077
2009-09-27,08,PIRATEN,PIRATEN,112006,2.058143,,,
2009-09-27,08,REP,REP,48693,0.894748,64976,1.115957,-0.221209
2009-09-27,08,SPD,SPD,1051198,19.316075,1754834,30.139115,-10.82304
2009-09-27,08,Tierschutzpartei,Die Tierschutzpartei,37823,0.695009,,,
2009-09-27,08,Volksabstimmung,Volksabstimmung,13648,0.250786,,,
2009-09-27,08,ÖDP,ödp,24525,0.450654,,,
2009-09-27,09,BP,BP,48311,0.726259,35543,0.500937,0.225322
2009-09-27,09,BüSo,BüSo,3305,0.049684,5501,0.07753,-0.027846
2009-09-27,09,CM,CM,6826,0.102615,,,
2009-09-27,09,CSU,CSU,2830238,42.546944,3494309,49.248179,-6.701235
2009-09-27,09,DIE VIOLETTEN,DIE VIOLETTEN,13872,0.208538,,,
2009-09-27,09,DVU,DVU,3491,0.05248,,,
2009-09-27,09,Die Linke,DIE LINKE,429371,6.454731,244701,3.448773,3.005958
2009-09-27,09,FAMILIE,FAMILIE,44421,0.667781,45396,0.639803,0.027978
2009-09-27,09,FDP,FDP,976379,14.677897,673817,9.496659,5.181238
2009-09-27,09,GRÜNE,GRÜNE,719265,10.812705,559941,7.89171,2.920995
2009-09-27,09,MLPD,MLPD,1769,0.026593,3448,0.048596,-0.022003
2009-09-27,09,NPD,NPD,87591,1.316755,95196,1.341676,-0.024921
2009-09-27,09,PBC,PBC,9262,0.139236,17482,0.246388,-0.107152
2009-09-27,09,PIRATEN,PIRATEN,135790,2.04133,,,
2009-09-27,09,REP,REP,54588,0.820621,73619,1.037573,-0.216952
2009-09-27,09,RRP,RRP,48458,0.728469,,,
2009-09-27,09,SPD,SPD,1120018,16.837221,1806548,25.461171,-8.62395
2009-09-27,09,Tierschutzpartei,Die Tierschutzpartei,43215,0.649651,,,
2009-09-27,09,ÖDP,ödp,75866,1.140493,,,
2009-09-27,10,CDU,CDU,179289,30.654662,191067,30.15968,0.494982
2009-09-27,10,Die Linke,DIE LINKE,123880,21.180884,117089,18.482348,2.698536
2009-09-27,10,FAMILIE,FAMILIE,8912,1.523765,13002,2.052349,-0.528584
2009-09-27,10,FDP,FDP,69427,11.870562,47188,7.448565,4.421997
2009-09-27,10,GRÜNE,GRÜNE,39550,6.762221,37489,5.91759,0.844631
2009-09-27,10,MLPD,MLPD,252,0.043087,686,0.108284,-0.065197
2009-09-27,10,NPD,NPD,7399,1.265074,11459,1.808788,-0.543714
2009-09-27,10,PIRATEN,PIRATEN,8620,1.473839,,,
2009-09-27,10,RRP,RRP,3074,0.52559,,,
2009-09-27,10,SPD,SPD,144464,24.700316,211201,33.337806,-8.63749
2009-09-27,11,BüSo,BüSo,4709,0.273238,3494,0.18819,0.085048
2009-09-27,11,CDU,CDU,393180,22.814138,408715,22.013739,0.800399
2009-09-27,11,DIE VIOLETTEN,DIE VIOLETTEN,5492,0.318671,,,
2009-09-27,11,DKP,DKP,1894,0.109899,,,
2009-09-27,11,DVU,DVU,2275,0.132006,,,
2009-09-27,11,Die Linke,DIE LINKE,348661,20.230938,303630,16.353771,3.877167
2009-09-27,11,FDP,FDP,198516,11.518825,152157,8.195306,3.323519
2009-09-27,11,GRÜNE,GRÜNE,299535,17.380418,254546,13.710065,3.670353
2009-09-27,11,MLPD,MLPD,1111,0.064465,1254,0.067542,-0.003077
2009-09-27,11,NPD,NPD,27799,1.613028,29070,1.565735,0.047293
2009-09-27,11,PIRATEN,PIRATEN,58062,3.369028,,,
2009-09-27,11,PSG,PSG,1420,0.082395,1623,0.087416,-0.005021
2009-09-27,11,REP,REP,5921,0.343564,9947,0.535754,-0.19219
2009-09-27,11,SPD,SPD,348082,20.197342,637674,34.345666,-14.148324
2009-09-27,11,Tierschutzpartei,Die Tierschutzpartei,23528,1.365204,,,
2009-09-27,11,ÖDP,ödp,3220,0.186839,,,
2009-09-27,12,BüSo,BüSo,2889,0.208208,,,
2009-09-27,12,CDU,CDU,327454,23.599404,322400,20.566287,3.033117
2009-09-27,12,DVU,DVU,13042,0.939929,,,
2009-09-27,12,Die Linke,DIE LINKE,395566,28.508193,416359,26.560046,1.948147
2009-09-27,12,FDP,FDP,129642,9.343217,107736,6.87261,2.470607
2009-09-27,12,FWD,FWD,11243,0.810276,,,
2009-09-27,12,GRÜNE,GRÜNE,84567,6.094691,80253,5.119436,0.975255
2009-09-27,12,MLPD,MLPD,1621,0.116824,3514,0.224162,-0.107338
2009-09-27,12,NPD,NPD,35396,2.550967,50280,3.207422,-0.656455
2009-09-27,12,PIRATEN,PIRATEN,34832,2.51032,,,
2009-09-27,12,REP,REP,3084,0.222262,,,
2009-09-27,12,SPD,SPD,348216,25.095708,561689,35.830823,-10.735115
2009-09-27,13,CDU,CDU,287481,33.147923,293316,29.576523,3.5714
2009-09-27,13,Die Linke,DIE LINKE,251536,29.003294,234702,23.66618,5.337114
2009-09-27,13,FDP,FDP,85203,9.82431,62049,6.256712,3.567598
2009-09-27,13,GRÜNE,GRÜNE,47841,5.516294,39379,3.970782,1.545512
2009-09-27,13,MLPD,MLPD,1730,0.199477,2949,0.297362,-0.097885
2009-09-27,13,NPD,NPD,28223,3.254246,34747,3.503714,-0.249468
2009-09-27,13,PIRATEN,PIRATEN,20063,2.313359,,,
2009-09-27,13,REP,REP,1583,0.182527,,,
2009-09-27,13,SPD,SPD,143607,16.558568,314830,31.745888,-15.18732
2009-09-27,14,BüSo,BüSo,18789,0.834192,14641,0.552894,0.281298
2009-09-27,14,CDU,CDU,800898,35.558186,795316,30.033866,5.52432
2009-09-27,14,Die Linke,DIE LINKE,551461,24.483708,603824,22.80247,1.681238
2009-09-27,14,FDP,FDP,299135,13.280965,269623,10.181891,3.099074
2009-09-27,14,GRÜNE,GRÜNE,151283,6.716647,126850,4.790292,1.926355
2009-09-27,14,MLPD,MLPD,5281,0.234465,3742,0.141311,0.093154
2009-09-27,14,NPD,NPD,89611,3.97854,126701,4.784665,-0.806125
2009-09-27,14,REP,REP,7148,0.317356,13112,0.495154,-0.177798
2009-09-27,14,SPD,SPD,328753,14.595941,649807,24.538946,-9.943005
2009-09-27,15,CDU,CDU,362311,30.125504,357663,24.656568,5.468936
2009-09-27,15,DVU,DVU,3529,0.29343,,,
2009-09-27,15,Die Linke,DIE LINKE,389456,32.382561,385422,26.570218,5.812343
2009-09-27,15,FDP,FDP,124247,10.330913,117155,8.07643,2.254483
2009-09-27,15,GRÜNE,GRÜNE,61734,5.13307,59146,4.077406,1.055664
2009-09-27,15,MLPD,MLPD,3181,0.264494,5412,0.373092,-0.108598
2009-09-27,15,NPD,NPD,26584,2.210411,36970,2.548637,-0.338226
2009-09-27,15,PIRATEN,PIRATEN,28780,2.393005,,,
2009-09-27,15,SPD,SPD,202850,16.86661,474909,32.739272,-15.872662
2009-09-27,16,CDU,CDU,383778,31.156654,372435,25.671416,5.485238
2009-09-27,16,Die Linke,DIE LINKE,354875,28.810191,378340,26.078439,2.731752
2009-09-27,16,FDP,FDP,120635,9.793638,115009,7.927407,1.866231
2009-09-27,16,GRÜNE,GRÜNE,73838,5.994468,69976,4.823346,1.171122
2009-09-27,16,MLPD,MLPD,1991,0.161637,5668,0.390687,-0.22905
2009-09-27,16,NPD,NPD,39603,3.215132,52988,3.652388,-0.437256
2009-09-27,16,PIRATEN,PIRATEN,31031,2.519222,,,
2009-09-27,16,REP,REP,4339,0.352258,9966,0.686942,-0.334684
2009-09-27,16,SPD,SPD,216593,17.583898,432778,29.830773,-12.246875
2009-09-27,16,ÖDP,ödp,5086,0.412902,,,
2013-09-22,01,AfD,AfD,74346,4.565894,,,
2013-09-22,01,CDU,CDU,638756,39.228639,518457,32.212262,7.016377
2013-09-22,01,Die Linke,DIE LINKE,84177,5.169657,127203,7.903252,-2.733595
2013-09-22,01,FDP,FDP,91714,5.632535,261767,16.263851,-10.631316
2013-09-22,01,FREIE WÄHLER,FREIE WÄHLER,8747,0.537189,,,
2013-09-22,01,GRÜNE,GRÜNE,153137,9.404774,203782,12.661183,-3.256409
2013-09-22,01,MLPD,MLPD,521,0.031997,616,0.038273,-0.006276
2013-09-22,01,NPD,NPD,11229,0.689619,15848,0.984652,-0.295033
2013-09-22,01,PIRATEN,PIRATEN,32217,1.978579,33277,2.067534,-0.088955
2013-09-22,01,RENTNER,RENTNER,6843,0.420257,16006,0.994469,-0.574212
2013-09-22,01,SPD,SPD,513725,31.54997,430739,26.762253,4.787717
2013-09-22,01,Tierschutzpartei,Tierschutzpartei,12878,0.790891,,,
2013-09-22,02,AfD,AfD,37142,4.169375,,,
2013-09-22,02,CDU,CDU,285927,32.096732,246667,27.829902,4.26683
2013-09-22,02,Die Linke,DIE LINKE,78296,8.789117,99096,11.180385,-2.391268
2013-09-22,02,Die PARTEI,Die PARTEI,5643,0.633455,,,
2013-09-22,02,FDP,FDP,42869,4.812259,117143,13.216516,-8.404257
2013-09-22,02,FREIE WÄHLER,FREIE WÄHLER,2856,0.3206,,,
2013-09-22,02,GRÜNE,GRÜNE,112826,12.665281,138454,15.620903,-2.955622
2013-09-22,02,MLPD,MLPD,423,0.047484,445,0.050207,-0.002723
2013-09-22,02,NPD,NPD,5658,0.635139,7679,0.866374,-0.231235
2013-09-22,02,PIRATEN,PIRATEN,24505,2.750809,23168,2.613901,0.136908
2013-09-22,02,RENTNER,RENTNER,3819,0.428702,6572,0.741478,-0.312776
2013-09-22,02,SPD,SPD,288902,32.430691,242942,27.409634,5.021057
2013-09-22,02,ÖDP,ÖDP,1963,0.220357,2988,0.337117,-0.11676
2013-09-22,03,AfD,AfD,165875,3.731503,,,
2013-09-22,03,CDU,CDU,1825592,41.068284,1471530,33.197815,7.870469
2013-09-22,03,Die Linke,DIE LINKE,223935,5.037613,380373,8.58124,-3.543627
2013-09-22,03,FDP,FDP,185647,4.176291,588401,13.274366,-9.098075
2013-09-22,03,FREIE WÄHLER,FREIE WÄHLER,21773,0.489803,,,
2013-09-22,03,GRÜNE,GRÜNE,391901,8.816155,475742,10.732771,-1.916616
2013-09-22,03,MLPD,MLPD,1267,0.028502,1353,0.030524,-0.002022
2013-09-22,03,NPD,NPD,37415,0.841683,53909,1.216191,-0.374508
2013-09-22,03,PBC,PBC,5664,0.127417,,,
2013-09-22,03,PIRATEN,PIRATEN,74601,1.678215,87046,1.963764,-0.285549
2013-09-22,03,REP,REP,2786,0.062673,,,
2013-09-22,03,SPD,SPD,1470005,33.069044,1297940,29.281613,3.787431
2013-09-22,03,Tierschutzpartei,Tierschutzpartei,33809,0.760563,34658,0.781887,-0.021324
2013-09-22,03,pro Deutschland,pro Deutschland,4990,0.112254,,,
2013-09-22,04,AfD,AfD,12307,3.736051,,,
2013-09-22,04,Bündnis 21/RRP,Bündnis 21/RRP,395,0.119911,4144,1.223823,-1.103912
2013-09-22,04,CDU,CDU,96459,29.282176,80964,23.910623,5.371553
2013-09-22,04,Die Linke,DIE LINKE,33284,10.104064,48369,14.284533,-4.180469
2013-09-22,04,Die PARTEI,Die PARTEI,1549,0.470232,,,
2013-09-22,04,FDP,FDP,11204,3.401212,35968,10.622218,-7.221006
2013-09-22,04,FREIE WÄHLER,FREIE WÄHLER,814,0.247107,,,
2013-09-22,04,GRÜNE,GRÜNE,40014,12.147098,52283,15.440432,-3.293334
2013-09-22,04,MLPD,MLPD,156,0.047357,216,0.06379,-0.016433
2013-09-22,04,NPD,NPD,3640,1.104999,3612,1.066711,0.038288
2013-09-22,04,PIRATEN,PIRATEN,8455,2.566695,8174,2.413979,0.152716
2013-09-22,04,SPD,SPD,117204,35.57976,102419,30.246802,5.332958
2013-09-22,04,Tierschutzpartei,Tierschutzpartei,3465,1.051874,,,
2013-09-22,04,pro Deutschland,pro Deutschland,466,0.141464,,,
2013-09-22,05,AfD,AfD,372258,3.919266,,,
2013-09-22,05,BIG,BIG,10705,0.112706,,,
2013-09-22,05,BüSo,BüSo,1975,0.020794,2396,0.025518,-0.004724
2013-09-22,05,Bündnis 21/RRP,Bündnis 21/RRP,5151,0.054232,12952,0.137943,-0.083711
2013-09-22,05,CDU,CDU,3776563,39.761008,3111478,33.138156,6.622852
2013-09-22,05,DIE RECHTE,DIE RECHTE,2245,0.023636,,,
2013-09-22,05,Die Linke,DIE LINKE,582925,6.137243,789814,8.411751,-2.274508
2013-09-22,05,Die PARTEI,Die PARTEI,37776,0.397719,,,
2013-09-22,05,FDP,FDP,498027,5.243407,1394554,14.85241,-9.609003
2013-09-22,05,FREIE WÄHLER,FREIE WÄHLER,25127,0.264546,,,
2013-09-22,05,GRÜNE,GRÜNE,760642,8.008312,945831,10.073378,-2.065066
2013-09-22,05,MLPD,MLPD,4600,0.04843,4268,0.045455,0.002975
2013-09-22,05,NPD,NPD,94291,0.992729,88690,0.944575,0.048154
2013-09-22,05,Nichtwähler,Nichtwähler,11349,0.119486,,,
2013-09-22,05,PARTEI DER VERNUNFT,PARTEI DER VERNUNFT,6888,0.072519,,,
2013-09-22,05,PIRATEN,PIRATEN,209507,2.205765,158585,1.688977,0.516788
2013-09-22,05,PSG,PSG,2155,0.022689,1537,0.01637,0.006319
2013-09-22,05,REP,REP,13848,0.145797,30015,0.319669,-0.173872
2013-09-22,05,SPD,SPD,3028282,31.882838,2678956,28.53167,3.351168
2013-09-22,05,Volksabstimmung,Volksabstimmung,17622,0.185531,9367,0.099761,0.08577
2013-09-22,05,pro Deutschland,pro Deutschland,23243,0.244711,,,
2013-09-22,05,ÖDP,ÖDP,12978,0.136637,8866,0.094426,0.042211
2013-09-22,06,AfD,AfD,176319,5.600823,,,
2013-09-22,06,BüSo,BüSo,1536,0.048791,3746,0.117889,-0.069098
2013-09-22,06,CDU,CDU,1232994,39.166403,1022822,32.188801,6.977602
2013-09-22,06,Die Linke,DIE LINKE,188654,5.992648,271455,8.542846,-2.550198
2013-09-22,06,Die PARTEI,Die PARTEI,15033,0.477527,,,
2013-09-22,06,FDP,FDP,175144,5.563499,527432,16.598591,-11.035092
2013-09-22,06,FREIE WÄHLER,FREIE WÄHLER,24929,0.791877,,,
2013-09-22,06,GRÜNE,GRÜNE,313135,9.946822,381948,12.020125,-2.073303
2013-09-22,06,MLPD,MLPD,1071,0.034021,1137,0.035782,-0.001761
2013-09-22,06,NPD,NPD,34115,1.083673,35929,1.130706,-0.047033
2013-09-22,06,PIRATEN,PIRATEN,64655,2.053784,66708,2.099339,-0.045555
2013-09-22,06,PSG,PSG,1444,0.045869,,,
2013-09-22,06,REP,REP,8402,0.266892,19240,0.605494,-0.338602
2013-09-22,06,SPD,SPD,906906,28.808125,812721,25.576801,3.231324
2013-09-22,06,pro Deutschland,pro Deutschland,3754,0.119247,,,
2013-09-22,07,AfD,AfD,106414,4.805335,,,
2013-09-22,07,CDU,CDU,958655,43.289966,767487,34.995069,8.294897
2013-09-22,07,Die Linke,DIE LINKE,120338,5.434101,205180,9.355583,-3.921482
2013-09-22,07,FDP,FDP,122640,5.538052,364673,16.627978,-11.089926
2013-09-22,07,FREIE WÄHLER,FREIE WÄHLER,28159,1.271575,,,
2013-09-22,07,GRÜNE,GRÜNE,169372,7.648328,211971,9.665232,-2.016904
2013-09-22,07,MLPD,MLPD,859,0.03879,650,0.029638,0.009152
2013-09-22,07,NPD,NPD,23980,1.082864,26077,1.189032,-0.106168
2013-09-22,07,PARTEI DER VERNUNFT,PARTEI DER VERNUNFT,5922,0.26742,,,
2013-09-22,07,PIRATEN,PIRATEN,49664,2.242676,41728,1.90267,0.340006
2013-09-22,07,REP,REP,8545,0.385866,18208,0.830229,-0.444363
2013-09-22,07,SPD,SPD,608910,27.496538,520990,23.755557,3.740981
2013-09-22,07,pro Deutschland,pro Deutschland,4451,0.200994,,,
2013-09-22,07,ÖDP,ÖDP,6588,0.297494,6334,0.288811,0.008683
2013-09-22,08,AfD,AfD,295988,5.246136,,,
2013-09-22,08,BIG,BIG,3529,0.062549,,,
2013-09-22,08,BüSo,BüSo,1042,0.018469,2872,0.052774,-0.034305
2013-09-22,08,CDU,CDU,2576606,45.668155,1874481,34.444145,11.22401
2013-09-22,08,Die Linke,DIE LINKE,272456,4.829051,389637,7.159695,-2.330644
2013-09-22,08,FDP,FDP,348317,6.173623,1022958,18.797157,-12.623534
2013-09-22,08,FREIE WÄHLER,FREIE WÄHLER,33479,0.593387,,,
2013-09-22,08,GRÜNE,GRÜNE,623294,11.047357,755648,13.885256,-2.837899
2013-09-22,08,MLPD,MLPD,2941,0.052127,3640,0.066886,-0.014759
2013-09-22,08,NPD,NPD,56302,0.997905,61575,1.131459,-0.133554
2013-09-22,08,PARTEI DER VERNUNFT,PARTEI DER VERNUNFT,5069,0.089844,,,
2013-09-22,08,PBC,PBC,12878,0.228252,24430,0.448908,-0.220656
2013-09-22,08,PIRATEN,PIRATEN,130767,2.317734,112006,2.058143,0.259591
2013-09-22,08,RENTNER,RENTNER,14472,0.256504,,,
2013-09-22,08,REP,REP,21847,0.38722,48693,0.894748,-0.507528
2013-09-22,08,SPD,SPD,1160424,20.567531,1051198,19.316075,1.251456
2013-09-22,08,Tierschutzpartei,Tierschutzpartei,43277,0.767048,37823,0.695009,0.072039
2013-09-22,08,Volksabstimmung,Volksabstimmung,11032,0.195533,13648,0.250786,-0.055253
2013-09-22,08,pro Deutschland,pro Deutschland,4595,0.081442,,,
2013-09-22,08,ÖDP,ÖDP,23704,0.420133,24525,0.450654,-0.030521
2013-09-22,09,AfD,AfD,283570,4.30908,,,
2013-09-22,09,BP,BP,57395,0.872164,48311,0.726259,0.145905
2013-09-22,09,BüSo,BüSo,1375,0.020894,3305,0.049684,-0.02879
2013-09-22,09,Bündnis 21/RRP,Bündnis 21/RRP,3032,0.046074,48458,0.728469,-0.682395
2013-09-22,09,CSU,CSU,3243569,49.288706,2830238,42.546944,6.741762
2013-09-22,09,DIE FRAUEN,DIE FRAUEN,12148,0.184599,,,
2013-09-22,09,DIE VIOLETTEN,DIE VIOLETTEN,8211,0.124773,13872,0.208538,-0.083765
2013-09-22,09,Die Linke,DIE LINKE,248920,3.782545,429371,6.454731,-2.672186
2013-09-22,09,FDP,FDP,334158,5.077806,976379,14.677897,-9.600091
2013-09-22,09,FREIE WÄHLER,FREIE WÄHLER,180649,2.745111,,,
2013-09-22,09,GRÜNE,GRÜNE,552818,8.400525,719265,10.812705,-2.41218
2013-09-22,09,MLPD,MLPD,1757,0.026699,1769,0.026593,0.000106
2013-09-22,09,NPD,NPD,56737,0.862166,87591,1.316755,-0.454589
2013-09-22,09,PARTEI DER VERNUNFT,PARTEI DER VERNUNFT,6840,0.103939,,,
2013-09-22,09,PIRATEN,PIRATEN,127934,1.944063,135790,2.04133,-0.097267
2013-09-22,09,REP,REP,27457,0.417232,54588,0.820621,-0.403389
2013-09-22,09,SPD,SPD,1314009,19.967451,1120018,16.837221,3.13023
2013-09-22,09,Tierschutzpartei,Tierschutzpartei,46937,0.713246,43215,0.649651,0.063595
2013-09-22,09,pro Deutschland,pro Deutschland,4874,0.074064,,,
2013-09-22,09,ÖDP,ÖDP,68365,1.038863,75866,1.140493,-0.10163
2013-09-22,10,AfD,AfD,29291,5.206734,,,
2013-09-22,10,CDU,CDU,212368,37.750284,179289,30.654662,7.095622
2013-09-22,10,Die Linke,DIE LINKE,56045,9.962493,123880,21.180884,-11.218391
2013-09-22,10,FAMILIE,FAMILIE,7449,1.324125,8912,1.523765,-0.19964
2013-09-22,10,FDP,FDP,21506,3.822881,69427,11.870562,-8.047681
2013-09-22,10,FREIE WÄHLER,FREIE WÄHLER,3664,0.651308,,,
2013-09-22,10,GRÜNE,GRÜNE,31998,5.687927,39550,6.762221,-1.074294
2013-09-22,10,MLPD,MLPD,361,0.064171,252,0.043087,0.021084
2013-09-22,10,NPD,NPD,9691,1.722661,7399,1.265074,0.457587
2013-09-22,10,PIRATEN,PIRATEN,14693,2.61181,8620,1.473839,1.137971
2013-09-22,10,SPD,SPD,174592,31.035267,144464,24.700316,6.334951
2013-09-22,10,pro Deutschland,pro Deutschland,902,0.160338,,,
2013-09-22,11,AfD,AfD,88060,4.925825,,,
2013-09-22,11,BIG,BIG,3509,0.196283,,,
2013-09-22,11,BüSo,BüSo,1810,0.101246,4709,0.273238,-0.171992
2013-09-22,11,CDU,CDU,508643,28.452035,393180,22.814138,5.637897
2013-09-22,11,Die Linke,DIE LINKE,330507,18.487616,348661,20.230938,-1.743322
2013-09-22,11,Die PARTEI,Die PARTEI,18673,1.044514,,,
2013-09-22,11,FDP,FDP,63616,3.558497,198516,11.518825,-7.960328
2013-09-22,11,FREIE WÄHLER,FREIE WÄHLER,7531,0.421263,,,
2013-09-22,11,GRÜNE,GRÜNE,220737,12.347396,299535,17.380418,-5.033022
2013-09-22,11,MLPD,MLPD,1410,0.078871,1111,0.064465,0.014406
2013-09-22,11,NPD,NPD,27014,1.511086,27799,1.613028,-0.101942
2013-09-22,11,PIRATEN,PIRATEN,64018,3.580984,58062,3.369028,0.211956
2013-09-22,11,PSG,PSG,965,0.053979,1420,0.082395,-0.028416
2013-09-22,11,REP,REP,2564,0.143423,5921,0.343564,-0.200141
2013-09-22,11,SPD,SPD,439387,24.578052,348082,20.197342,4.38071
2013-09-22,11,pro Deutschland,pro Deutschland,5665,0.316884,,,
2013-09-22,11,ÖDP,ÖDP,3612,0.202045,3220,0.186839,0.015206
2013-09-22,12,AfD,AfD,83075,5.98367,,,
2013-09-22,12,CDU,CDU,482601,34.760459,327454,23.599404,11.161055
2013-09-22,12,Die Linke,DIE LINKE,311312,22.42297,395566,28.508193,-6.085223
2013-09-22,12,FDP,FDP,35365,2.547246,129642,9.343217,-6.795971
2013-09-22,12,FREIE WÄHLER,FREIE WÄHLER,13416,0.966319,,,
2013-09-22,12,GRÜNE,GRÜNE,65182,4.694885,84567,6.094691,-1.399806
2013-09-22,12,MLPD,MLPD,1581,0.113875,1621,0.116824,-0.002949
2013-09-22,12,NPD,NPD,35578,2.562588,35396,2.550967,0.011621
2013-09-22,12,PIRATEN,PIRATEN,30785,2.217361,34832,2.51032,-0.292959
2013-09-22,12,REP,REP,2488,0.179204,3084,0.222262,-0.043058
2013-09-22,12,SPD,SPD,321174,23.133304,348216,25.095708,-1.962404
2013-09-22,12,pro Deutschland,pro Deutschland,5805,0.418119,,,
2013-09-22,13,AfD,AfD,48885,5.63358,,,
2013-09-22,13,CDU,CDU,369048,42.529643,287481,33.147923,9.38172
2013-09-22,13,Die Linke,DIE LINKE,186871,21.535293,251536,29.003294,-7.468001
2013-09-22,13,FDP,FDP,18968,2.185901,85203,9.82431,-7.638409
2013-09-22,13,FREIE WÄHLER,FREIE WÄHLER,8004,0.922393,,,
2013-09-22,13,GRÜNE,GRÜNE,37716,4.346448,47841,5.516294,-1.169846
2013-09-22,13,MLPD,MLPD,1166,0.134372,1730,0.199477,-0.065105
2013-09-22,13,NPD,NPD,23735,2.735257,28223,3.254246,-0.518989
2013-09-22,13,PIRATEN,PIRATEN,16563,1.908745,20063,2.313359,-0.404614
2013-09-22,13,REP,REP,663,0.076405,1583,0.182527,-0.106122
2013-09-22,13,SPD,SPD,154431,17.796859,143607,16.558568,1.238291
2013-09-22,13,pro Deutschland,pro Deutschland,1693,0.195104,,,
2013-09-22,14,AfD,AfD,157781,6.764018,,,
2013-09-22,14,BüSo,BüSo,5076,0.217606,18789,0.834192,-0.616586
2013-09-22,14,CDU,CDU,994601,42.638207,800898,35.558186,7.080021
2013-09-22,14,Die Linke,DIE LINKE,467045,20.022061,551461,24.483708,-4.461647
2013-09-22,14,FDP,FDP,71259,3.054849,299135,13.280965,-10.226116
2013-09-22,14,FREIE WÄHLER,FREIE WÄHLER,34858,1.494351,,,
2013-09-22,14,GRÜNE,GRÜNE,113916,4.88354,151283,6.716647,-1.833107
2013-09-22,14,MLPD,MLPD,2564,0.109918,5281,0.234465,-0.124547
2013-09-22,14,NPD,NPD,76436,3.276785,89611,3.97854,-0.701755
2013-09-22,14,PIRATEN,PIRATEN,58561,2.51049,,,
2013-09-22,14,SPD,SPD,340819,14.610795,328753,14.595941,0.014854
2013-09-22,14,pro Deutschland,pro Deutschland,9736,0.417379,,,
2013-09-22,15,AfD,AfD,49661,4.21279,,,
2013-09-22,15,CDU,CDU,485781,41.209265,362311,30.125504,11.083761
2013-09-22,15,Die Linke,DIE LINKE,282319,23.94939,389456,32.382561,-8.433171
2013-09-22,15,FDP,FDP,30998,2.62959,124247,10.330913,-7.701323
2013-09-22,15,FREIE WÄHLER,FREIE WÄHLER,12358,1.048341,,,
2013-09-22,15,GRÜNE,GRÜNE,46858,3.975009,61734,5.13307,-1.158061
2013-09-22,15,MLPD,MLPD,1798,0.152526,3181,0.264494,-0.111968
2013-09-22,15,NPD,NPD,25900,2.197122,26584,2.210411,-0.013289
2013-09-22,15,PIRATEN,PIRATEN,22753,1.930159,28780,2.393005,-0.462846
2013-09-22,15,SPD,SPD,214731,18.215835,202850,16.86661,1.349225
2013-09-22,15,pro Deutschland,pro Deutschland,3680,0.312178,,,
2013-09-22,15,ÖDP,ÖDP,1978,0.167796,,,
2013-09-22,16,AfD,AfD,76013,6.171424,,,
2013-09-22,16,CDU,CDU,477283,38.750159,383778,31.156654,7.593505
2013-09-22,16,Die Linke,DIE LINKE,288615,23.432381,354875,28.810191,-5.37781
2013-09-22,16,FDP,FDP,32101,2.60625,120635,9.793638,-7.187388
2013-09-22,16,FREIE WÄHLER,FREIE WÄHLER,17613,1.429983,,,
2013-09-22,16,GRÜNE,GRÜNE,60511,4.912831,73838,5.994468,-1.081637
2013-09-22,16,MLPD,MLPD,1744,0.141594,1991,0.161637,-0.020043
2013-09-22,16,NPD,NPD,39107,3.175061,39603,3.215132,-0.040071
2013-09-22,16,PIRATEN,PIRATEN,29499,2.394996,31031,2.519222,-0.124226
2013-09-22,16,REP,REP,2593,0.210523,4339,0.352258,-0.141735
2013-09-22,16,SPD,SPD,198714,16.133403,216593,17.583898,-1.450495
2013-09-22,16,ÖDP,ÖDP,7900,0.641394,5086,0.412902,0.228492
2017-09-24,01,AfD,AfD,140362,8.181315,74346,4.565894,3.615421
2017-09-24,01,BGE,BGE,5670,0.330489,,,
2017-09-24,01,CDU,CDU,583135,33.989337,638756,39.228639,-5.239302
2017-09-24,01,Die Linke,DIE LINKE,124678,7.267138,84177,5.169657,2.097482
2017-09-24,01,Die PARTEI,Die PARTEI,20732,1.208411,,,
2017-09-24,01,FDP,FDP,216844,12.639241,91714,5.632535,7.006706
2017-09-24,01,FREIE WÄHLER,FREIE WÄHLER,11095,0.646697,8747,0.537189,0.109508
2017-09-24,01,GRÜNE,GRÜNE,205471,11.97634,153137,9.404774,2.571566
2017-09-24,01,MLPD,MLPD,823,0.04797,521,0.031997,0.015974
2017-09-24,01,NPD,NPD,4210,0.245389,11229,0.689619,-0.44423
2017-09-24,01,SPD,SPD,399505,23.286049,513725,31.54997,-8.263921
2017-09-24,01,ÖDP,ÖDP,3116,0.181623,,,
2017-09-24,02,AfD,AfD,76511,7.822267,37142,4.169375,3.652892
2017-09-24,02,BGE,BGE,4573,0.467531,,,
2017-09-24,02,CDU,CDU,266312,27.226981,285927,32.096732,-4.869752
2017-09-24,02,DKP,DKP,511,0.052243,,,
2017-09-24,02,DiB,DiB,4199,0.429294,,,
2017-09-24,02,Die Linke,DIE LINKE,119076,12.173991,78296,8.789117,3.384875
2017-09-24,02,Die PARTEI,Die PARTEI,15388,1.573225,5643,0.633455,0.93977
2017-09-24,02,FDP,FDP,105610,10.797266,42869,4.812259,5.985007
2017-09-24,02,FREIE WÄHLER,FREIE WÄHLER,3458,0.353536,2856,0.3206,0.032936
2017-09-24,02,GRÜNE,GRÜNE,136371,13.942183,112826,12.665281,1.276901
2017-09-24,02,MLPD,MLPD,688,0.070339,423,0.047484,0.022855
2017-09-24,02,NPD,NPD,1799,0.183925,5658,0.635139,-0.451214
2017-09-24,02,SPD,SPD,229862,23.500437,288902,32.430691,-8.930254
2017-09-24,02,Tierschutzpartei,Tierschutzpartei,8813,0.901016,,,
2017-09-24,02,V-Partei³,V-Partei³,2169,0.221752,,,
2017-09-24,02,ÖDP,ÖDP,2778,0.284015,1963,0.220357,0.063658
2017-09-24,03,AfD,AfD,422362,9.088965,165875,3.731503,5.357462
2017-09-24,03,BGE,BGE,8084,0.173963,,,
2017-09-24,03,CDU,CDU,1623481,34.93629,1825592,41.068284,-6.131994
2017-09-24,03,DKP,DKP,1100,0.023671,,,
2017-09-24,03,DM,DM,8146,0.175297,,,
2017-09-24,03,DiB,DiB,6349,0.136626,,,
2017-09-24,03,Die Linke,DIE LINKE,322979,6.950305,223935,5.037613,1.912692
2017-09-24,03,Die PARTEI,Die PARTEI,41228,0.887201,,,
2017-09-24,03,FDP,FDP,431405,9.283564,185647,4.176291,5.107273
2017-09-24,03,FREIE WÄHLER,FREIE WÄHLER,19178,0.412698,21773,0.489803,-0.077104
2017-09-24,03,GRÜNE,GRÜNE,404825,8.711579,391901,8.816155,-0.104575
2017-09-24,03,MLPD,MLPD,1616,0.034775,1267,0.028502,0.006273
2017-09-24,03,NPD,NPD,12034,0.258964,37415,0.841683,-0.582719
2017-09-24,03,PIRATEN,PIRATEN,17683,0.380527,74601,1.678215,-1.297688
2017-09-24,03,SPD,SPD,1275172,27.440899,1470005,33.069044,-5.628145
2017-09-24,03,Tierschutzpartei,Tierschutzpartei,40487,0.871255,33809,0.760563,0.110692
2017-09-24,03,V-Partei³,V-Partei³,6076,0.130752,,,
2017-09-24,03,ÖDP,ÖDP,4771,0.102669,,,
2017-09-24,04,AfD,AfD,33244,10.003521,12307,3.736051,6.26747
2017-09-24,04,BGE,BGE,1804,0.542845,,,
2017-09-24,04,CDU,CDU,83409,25.098774,96459,29.282176,-4.183401
2017-09-24,04,DKP,DKP,174,0.052359,,,
2017-09-24,04,DM,DM,607,0.182654,,,
2017-09-24,04,Die Linke,DIE LINKE,44629,13.429405,33284,10.104064,3.32534
2017-09-24,04,Die PARTEI,Die PARTEI,5511,1.658326,1549,0.470232,1.188095
2017-09-24,04,FDP,FDP,31056,9.345125,11204,3.401212,5.943913
2017-09-24,04,FREIE WÄHLER,FREIE WÄHLER,1194,0.359289,814,0.247107,0.112182
2017-09-24,04,GRÜNE,GRÜNE,36733,11.053403,40014,12.147098,-1.093696
2017-09-24,04,MENSCHLICHE WELT,MENSCHLICHE WELT,905,0.272325,,,
2017-09-24,04,MLPD,MLPD,273,0.082149,156,0.047357,0.034792
2017-09-24,04,NPD,NPD,863,0.259687,3640,1.104999,-0.845312
2017-09-24,04,PIRATEN,PIRATEN,1958,0.589186,8455,2.566695,-1.977509
2017-09-24,04,SPD,SPD,88944,26.764323,117204,35.57976,-8.815438
2017-09-24,04,V-Partei³,V-Partei³,1019,0.306629,,,
2017-09-24,05,AD-DEMOKRATEN,AD-DEMOKRATEN,41251,0.418648,,,
2017-09-24,05,AfD,AfD,928425,9.422404,372258,3.919266,5.503139
2017-09-24,05,BGE,BGE,9971,0.101194,,,
2017-09-24,05,CDU,CDU,3214013,32.618391,3776563,39.761008,-7.142618
2017-09-24,05,DKP,DKP,2217,0.0225,,,
2017-09-24,05,DM,DM,9859,0.100057,,,
2017-09-24,05,DiB,DiB,12202,0.123836,,,
2017-09-24,05,Die Humanisten,Die Humanisten,5991,0.060801,,,
2017-09-24,05,Die Linke,DIE LINKE,736904,7.478695,582925,6.137243,1.341452
2017-09-24,05,Die PARTEI,Die PARTEI,81576,0.827899,37776,0.397719,0.43018
2017-09-24,05,FDP,FDP,1293052,13.122932,498027,5.243407,7.879526
2017-09-24,05,FREIE WÄHLER,FREIE WÄHLER,27788,0.282015,25127,0.264546,0.017469
2017-09-24,05,GRÜNE,GRÜNE,744970,7.560555,760642,8.008312,-0.447756
2017-09-24,05,Gesundheitsforschung,Gesundheitsforschung,9043,0.091776,,,
2017-09-24,05,MLPD,MLPD,6425,0.065206,4600,0.04843,0.016776
2017-09-24,05,NPD,NPD,21287,0.216038,94291,0.992729,-0.776692
2017-09-24,05,PIRATEN,PIRATEN,43580,0.442285,209507,2.205765,-1.76348
2017-09-24,05,SGP,SGP,818,0.008302,2155,0.022689,-0.014387
2017-09-24,05,SPD,SPD,2557876,25.959384,3028282,31.882838,-5.923454
2017-09-24,05,Tierschutzpartei,Tierschutzpartei,73941,0.750413,,,
2017-09-24,05,V-Partei³,V-Partei³,10513,0.106694,,,
2017-09-24,05,Volksabstimmung,Volksabstimmung,9631,0.097743,17622,0.185531,-0.087788
2017-09-24,05,ÖDP,ÖDP,12044,0.122232,12978,0.136637,-0.014405
2017-09-24,06,AfD,AfD,398712,11.90576,176319,5.600823,6.304937
2017-09-24,06,BGE,BGE,6320,0.188719,,,
2017-09-24,06,BüSo,BüSo,721,0.021529,1536,0.048791,-0.027262
2017-09-24,06,CDU,CDU,1033200,30.851922,1232994,39.166403,-8.314481
2017-09-24,06,DKP,DKP,1138,0.033981,,,
2017-09-24,06,DM,DM,6393,0.190899,,,
2017-09-24,06,Die Linke,DIE LINKE,271158,8.096927,188654,5.992648,2.10428
2017-09-24,06,Die PARTEI,Die PARTEI,30500,0.910747,15033,0.477527,0.433219
2017-09-24,06,FDP,FDP,386742,11.548329,175144,5.563499,5.984831
2017-09-24,06,FREIE WÄHLER,FREIE WÄHLER,28507,0.851235,24929,0.791877,0.059358
2017-09-24,06,GRÜNE,GRÜNE,323736,9.666935,313135,9.946822,-0.279886
2017-09-24,06,MLPD,MLPD,1627,0.048583,1071,0.034021,0.014562
2017-09-24,06,NPD,NPD,11904,0.35546,34115,1.083673,-0.728213
2017-09-24,06,PIRATEN,PIRATEN,14448,0.431425,64655,2.053784,-1.622359
2017-09-24,06,SPD,SPD,788427,23.542865,906906,28.808125,-5.26526
2017-09-24,06,Tierschutzpartei,Tierschutzpartei,34079,1.017618,,,
2017-09-24,06,V-Partei³,V-Partei³,5246,0.156648,,,
2017-09-24,06,ÖDP,ÖDP,6042,0.180417,,,
2017-09-24,07,AfD,AfD,265688,11.246024,106414,4.805335,6.440689
2017-09-24,07,BGE,BGE,4505,0.190687,,,
2017-09-24,07,CDU,CDU,848003,35.894216,958655,43.289966,-7.39575
2017-09-24,07,Die Linke,DIE LINKE,160912,6.811073,120338,5.434101,1.376972
2017-09-24,07,Die PARTEI,Die PARTEI,23957,1.01405,,,
2017-09-24,07,FDP,FDP,245235,10.380291,122640,5.538052,4.842239
2017-09-24,07,FREIE WÄHLER,FREIE WÄHLER,32263,1.365626,28159,1.271575,0.094051
2017-09-24,07,GRÜNE,GRÜNE,179233,7.586563,169372,7.648328,-0.061766
2017-09-24,07,MLPD,MLPD,842,0.03564,859,0.03879,-0.00315
2017-09-24,07,NPD,NPD,7025,0.297354,23980,1.082864,-0.785511
2017-09-24,07,PIRATEN,PIRATEN,10792,0.456803,49664,2.242676,-1.785873
2017-09-24,07,SPD,SPD,570518,24.148849,608910,27.496538,-3.347689
2017-09-24,07,V-Partei³,V-Partei³,6203,0.26256,,,
2017-09-24,07,ÖDP,ÖDP,7330,0.310264,6588,0.297494,0.01277
2017-09-24,08,AfD,AfD,730499,12.189269,295988,5.246136,6.943133
2017-09-24,08,BGE,BGE,10647,0.177658,,,
2017-09-24,08,CDU,CDU,2061687,34.401769,2576606,45.668155,-11.266386
2017-09-24,08,DIE RECHTE,DIE RECHTE,2054,0.034274,,,
2017-09-24,08,DKP,DKP,1006,0.016786,,,
2017-09-24,08,DM,DM,10395,0.173453,,,
2017-09-24,08,DiB,DiB,9241,0.154197,,,
2017-09-24,08,Die Linke,DIE LINKE,380727,6.352896,272456,4.829051,1.523844
2017-09-24,08,Die PARTEI,Die PARTEI,43883,0.732242,,,
2017-09-24,08,FDP,FDP,762008,12.715035,348317,6.173623,6.541412
2017-09-24,08,FREIE WÄHLER,FREIE WÄHLER,42133,0.703041,33479,0.593387,0.109654
2017-09-24,08,GRÜNE,GRÜNE,807205,13.469203,623294,11.047357,2.421845
2017-09-24,08,MENSCHLICHE WELT,MENSCHLICHE WELT,7612,0.127016,,,
2017-09-24,08,MLPD,MLPD,4276,0.07135,2941,0.052127,0.019224
2017-09-24,08,NPD,NPD,15745,0.262725,56302,0.997905,-0.735181
2017-09-24,08,PIRATEN,PIRATEN,27205,0.453949,130767,2.317734,-1.863785
2017-09-24,08,SPD,SPD,982370,16.392045,1160424,20.567531,-4.175486
2017-09-24,08,Tierschutzallianz,Tierschutzallianz,13506,0.225364,,,
2017-09-24,08,Tierschutzpartei,Tierschutzpartei,51355,0.856921,43277,0.767048,0.089873
2017-09-24,08,V-Partei³,V-Partei³,7601,0.126832,,,
2017-09-24,08,ÖDP,ÖDP,21813,0.363977,23704,0.420133,-0.056157
2017-09-24,09,AfD,AfD,916300,12.393805,283570,4.30908,8.084725
2017-09-24,09,BGE,BGE,10394,0.140588,,,
2017-09-24,09,BP,BP,58037,0.785004,57395,0.872164,-0.08716
2017-09-24,09,BüSo,BüSo,1284,0.017367,1375,0.020894,-0.003527
2017-09-24,09,CSU,CSU,2869688,38.815183,3243569,49.288706,-10.473523
2017-09-24,09,DKP,DKP,1213,0.016407,,,
2017-09-24,09,DM,DM,12689,0.17163,,,
2017-09-24,09,DiB,DiB,12073,0.163298,,,
2017-09-24,09,Die Linke,DIE LINKE,450803,6.097527,248920,3.782545,2.314983
2017-09-24,09,Die PARTEI,Die PARTEI,51607,0.698032,,,
2017-09-24,09,FDP,FDP,751248,10.161324,334158,5.077806,5.083517
2017-09-24,09,FREIE WÄHLER,FREIE WÄHLER,199198,2.694337,180649,2.745111,-0.050773
2017-09-24,09,GRÜNE,GRÜNE,722116,9.767286,552818,8.400525,1.366761
2017-09-24,09,Gesundheitsforschung,Gesundheitsforschung,9529,0.128889,,,
2017-09-24,09,MLPD,MLPD,2213,0.029933,1757,0.026699,0.003234
2017-09-24,09,NPD,NPD,20611,0.278783,56737,0.862166,-0.583383
2017-09-24,09,PIRATEN,PIRATEN,26866,0.363387,127934,1.944063,-1.580675
2017-09-24,09,SPD,SPD,1130931,15.296887,1314009,19.967451,-4.670563
2017-09-24,09,Tierschutzpartei,Tierschutzpartei,66218,0.89566,46937,0.713246,0.182413
2017-09-24,09,V-Partei³,V-Partei³,13391,0.181126,,,
2017-09-24,09,ÖDP,ÖDP,66801,0.903545,68365,1.038863,-0.135317
2017-09-24,10,AfD,AfD,58920,10.067355,29291,5.206734,4.860621
2017-09-24,10,BGE,BGE,1025,0.175136,,,
2017-09-24,10,CDU,CDU,189573,32.391356,212368,37.750284,-5.358929
2017-09-24,10,DM,DM,886,0.151386,,,
2017-09-24,10,Die Linke,DIE LINKE,75448,12.891409,56045,9.962493,2.928916
2017-09-24,10,Die PARTEI,Die PARTEI,7475,1.277214,,,
2017-09-24,10,FDP,FDP,44477,7.599554,21506,3.822881,3.776673
2017-09-24,10,FREIE WÄHLER,FREIE WÄHLER,4825,0.824423,3664,0.651308,0.173114
2017-09-24,10,GRÜNE,GRÜNE,35117,6.00026,31998,5.687927,0.312333
2017-09-24,10,MLPD,MLPD,427,0.072959,361,0.064171,0.008788
2017-09-24,10,NPD,NPD,3106,0.530706,9691,1.722661,-1.191955
2017-09-24,10,PDV,PDV,533,0.091071,,,
2017-09-24,10,PIRATEN,PIRATEN,2937,0.50183,14693,2.61181,-2.10998
2017-09-24,10,SPD,SPD,158895,27.149565,174592,31.035267,-3.885703
2017-09-24,10,V-Partei³,V-Partei³,1614,0.275776,,,
2017-09-24,11,AfD,AfD,225170,12.047348,88060,4.925825,7.121524
2017-09-24,11,B*,B*,911,0.048742,,,
2017-09-24,11,BGE,BGE,6926,0.370564,,,
2017-09-24,11,BüSo,BüSo,1198,0.064097,1810,0.101246,-0.037149
2017-09-24,11,CDU,CDU,424321,22.702593,508643,28.452035,-5.749442
2017-09-24,11,DKP,DKP,1685,0.090153,,,
2017-09-24,11,DM,DM,4212,0.225356,,,
2017-09-24,11,DiB,DiB,7467,0.399509,,,
2017-09-24,11,Die Grauen,Die Grauen,10009,0.535515,,,
2017-09-24,11,Die Linke,DIE LINKE,351170,18.78877,330507,18.487616,0.301154
2017-09-24,11,Die PARTEI,Die PARTEI,39027,2.088075,18673,1.044514,1.043561
2017-09-24,11,FDP,FDP,167046,8.93752,63616,3.558497,5.379023
2017-09-24,11,FREIE WÄHLER,FREIE WÄHLER,5354,0.286457,7531,0.421263,-0.134806
2017-09-24,11,GRÜNE,GRÜNE,234947,12.570451,220737,12.347396,0.223054
2017-09-24,11,Gesundheitsforschung,Gesundheitsforschung,4832,0.258528,,,
2017-09-24,11,MENSCHLICHE WELT,MENSCHLICHE WELT,3144,0.168215,,,
2017-09-24,11,MLPD,MLPD,1617,0.086515,1410,0.078871,0.007644
2017-09-24,11,PIRATEN,PIRATEN,10894,0.582865,64018,3.580984,-2.998118
2017-09-24,11,SGP,SGP,473,0.025307,965,0.053979,-0.028672
2017-09-24,11,SPD,SPD,334253,17.883654,439387,24.578052,-6.694398
2017-09-24,11,Tierschutzpartei,Tierschutzpartei,25415,1.359788,,,
2017-09-24,11,V-Partei³,V-Partei³,2733,0.146225,,,
2017-09-24,11,du.,du.,3032,0.162222,,,
2017-09-24,11,ÖDP,ÖDP,3206,0.171532,3612,0.202045,-0.030513
2017-09-24,12,AfD,AfD,301103,20.196991,83075,5.98367,14.213321
2017-09-24,12,BGE,BGE,6066,0.406887,,,
2017-09-24,12,CDU,CDU,397839,26.685721,482601,34.760459,-8.074738
2017-09-24,12,DKP,DKP,2514,0.168631,,,
2017-09-24,12,DM,DM,5068,0.339945,,,
2017-09-24,12,Die Linke,DIE LINKE,255721,17.152917,311312,22.42297,-5.270054
2017-09-24,12,Die PARTEI,Die PARTEI,19471,1.30605,,,
2017-09-24,12,FDP,FDP,105485,7.075584,35365,2.547246,4.528338
2017-09-24,12,FREIE WÄHLER,FREIE WÄHLER,17762,1.191416,13416,0.966319,0.225097
2017-09-24,12,GRÜNE,GRÜNE,74971,5.028806,65182,4.694885,0.333921
2017-09-24,12,MLPD,MLPD,1277,0.085657,1581,0.113875,-0.028218
2017-09-24,12,NPD,NPD,12993,0.871527,35578,2.562588,-1.691061
2017-09-24,12,SPD,SPD,261822,17.562152,321174,23.133304,-5.571152
2017-09-24,12,Tierschutzpartei,Tierschutzpartei,26243,1.760293,,,
2017-09-24,12,ÖDP,ÖDP,2496,0.167423,,,
2017-09-24,13,AfD,AfD,172409,18.588371,48885,5.63358,12.954791
2017-09-24,13,BGE,BGE,3034,0.327112,,,
2017-09-24,13,CDU,CDU,307263,33.127729,369048,42.529643,-9.401914
2017-09-24,13,Die Linke,DIE LINKE,165368,17.829242,186871,21.535293,-3.706052
2017-09-24,13,Die PARTEI,Die PARTEI,9309,1.003655,,,
2017-09-24,13,FDP,FDP,57895,6.241981,18968,2.185901,4.056081
2017-09-24,13,FREIE WÄHLER,FREIE WÄHLER,7543,0.813253,8004,0.922393,-0.10914
2017-09-24,13,GRÜNE,GRÜNE,39514,4.260224,37716,4.346448,-0.086225
2017-09-24,13,MLPD,MLPD,1366,0.147276,1166,0.134372,0.012904
2017-09-24,13,NPD,NPD,10408,1.122144,23735,2.735257,-1.613113
2017-09-24,13,SPD,SPD,139689,15.060646,154431,17.796859,-2.736213
2017-09-24,13,Tierschutzpartei,Tierschutzpartei,12507,1.348449,,,
2017-09-24,13,ÖDP,ÖDP,1205,0.129918,,,
2017-09-24,14,AfD,AfD,669940,27.020203,157781,6.764018,20.256185
2017-09-24,14,BGE,BGE,9451,0.38118,,,
2017-09-24,14,BüSo,BüSo,3490,0.14076,5076,0.217606,-0.076847
2017-09-24,14,CDU,CDU,665751,26.851251,994601,42.638207,-15.786956
2017-09-24,14,DiB,DiB,6475,0.261151,,,
2017-09-24,14,Die Linke,DIE LINKE,398627,16.077533,467045,20.022061,-3.944528
2017-09-24,14,Die PARTEI,Die PARTEI,31999,1.290592,,,
2017-09-24,14,FDP,FDP,203662,8.214151,71259,3.054849,5.159302
2017-09-24,14,FREIE WÄHLER,FREIE WÄHLER,27471,1.107968,34858,1.494351,-0.386383
2017-09-24,14,GRÜNE,GRÜNE,113608,4.582069,113916,4.88354,-0.301471
2017-09-24,14,MLPD,MLPD,2566,0.103493,2564,0.109918,-0.006425
2017-09-24,14,NPD,NPD,28215,1.137975,76436,3.276785,-2.13881
2017-09-24,14,PIRATEN,PIRATEN,11056,0.445914,58561,2.51049,-2.064577
2017-09-24,14,SPD,SPD,261105,10.530958,340819,14.610795,-4.079837
2017-09-24,14,Tierschutzpartei,Tierschutzpartei,35121,1.41651,,,
2017-09-24,14,V-Partei³,V-Partei³,4058,0.163668,,,
2017-09-24,14,ÖDP,ÖDP,6809,0.274622,,,
2017-09-24,15,AfD,AfD,244401,19.630918,49661,4.21279,15.418128
2017-09-24,15,BGE,BGE,3762,0.302174,,,
2017-09-24,15,CDU,CDU,377411,30.314624,485781,41.209265,-10.894642
2017-09-24,15,DiB,DiB,2908,0.233578,,,
2017-09-24,15,Die Linke,DIE LINKE,220858,17.739883,282319,23.94939,-6.209506
2017-09-24,15,Die PARTEI,Die PARTEI,13554,1.088692,,,
2017-09-24,15,FDP,FDP,96555,7.755546,30998,2.62959,5.125956
2017-09-24,15,FREIE WÄHLER,FREIE WÄHLER,14392,1.156003,12358,1.048341,0.107662
2017-09-24,15,GRÜNE,GRÜNE,46243,3.714357,46858,3.975009,-0.260652
2017-09-24,15,MG,MG,5617,0.451172,,,
2017-09-24,15,MLPD,MLPD,1847,0.148356,1798,0.152526,-0.00417
2017-09-24,15,NPD,NPD,9737,0.782101,25900,2.197122,-1.415021
2017-09-24,15,SPD,SPD,188980,15.17936,214731,18.215835,-3.036475
2017-09-24,15,Tierschutzallianz,Tierschutzallianz,18715,1.503237,,,
2017-09-24,16,AfD,AfD,294069,22.717714,76013,6.171424,16.54629
2017-09-24,16,BGE,BGE,5307,0.409982,,,
2017-09-24,16,CDU,CDU,372258,28.75805,477283,38.750159,-9.99211
2017-09-24,16,DM,DM,4948,0.382248,,,
2017-09-24,16,Die Linke,DIE LINKE,218212,16.857533,288615,23.432381,-6.574848
2017-09-24,16,Die PARTEI,Die PARTEI,19132,1.478005,,,
2017-09-24,16,FDP,FDP,101129,7.812519,32101,2.60625,5.206269
2017-09-24,16,FREIE WÄHLER,FREIE WÄHLER,21131,1.632433,17613,1.429983,0.20245
2017-09-24,16,GRÜNE,GRÜNE,53340,4.120675,60511,4.912831,-0.792156
2017-09-24,16,MLPD,MLPD,1902,0.146935,1744,0.141594,0.005341
2017-09-24,16,NPD,NPD,16083,1.24246,39107,3.175061,-1.932601
2017-09-24,16,PIRATEN,PIRATEN,6057,0.467921,29499,2.394996,-1.927075
2017-09-24,16,SPD,SPD,171032,13.212736,198714,16.133403,-2.920667
2017-09-24,16,V-Partei³,V-Partei³,3450,0.266523,,,
2017-09-24,16,ÖDP,ÖDP,6398,0.494265,7900,0.641394,-0.147129
2021-09-26,01,AfD,AfD,119566,6.782909,140362,8.181315,-1.398406
2021-09-26,01,CDU,CDU,388399,22.033647,583135,33.989337,-11.95569
2021-09-26,01,DKP,DKP,516,0.029272,,,
2021-09-26,01,Die Humanisten,Die Humanisten,1763,0.100014,,,
2021-09-26,01,Die Linke,DIE LINKE,64238,3.644184,124678,7.267138,-3.622954
2021-09-26,01,Die PARTEI,Die PARTEI,17870,1.013755,20732,1.208411,-0.194657
2021-09-26,01,FDP,FDP,220039,12.482683,216844,12.639241,-0.156558
2021-09-26,01,FREIE WÄHLER,FREIE WÄHLER,17043,0.966839,11095,0.646697,0.320142
2021-09-26,01,GRÜNE,GRÜNE,322763,18.310156,205471,11.97634,6.333816
2021-09-26,01,HEIMAT (2021: NPD),HEIMAT (2021: NPD),2034,0.115388,4210,0.245389,-0.130002
2021-09-26,01,MLPD,MLPD,322,0.018267,823,0.04797,-0.029704
2021-09-26,01,SPD,SPD,494055,28.02745,399505,23.286049,4.741401
2021-09-26,01,SSW,SSW,55578,3.152907,,,
2021-09-26,01,Team Todenhöfer,Team Todenhöfer,5305,0.30095,,,
2021-09-26,01,Tierschutzpartei,Tierschutzpartei,20653,1.171633,,,
2021-09-26,01,V-Partei³,V-Partei³,1763,0.100014,,,
2021-09-26,01,Volt,Volt,4157,0.235824,,,
2021-09-26,01,Wir Bürger (2021: LKR),Wir Bürger (2021: LKR),715,0.040562,,,
2021-09-26,01,dieBasis,dieBasis,23407,1.327865,,,
2021-09-26,01,du.,du.,1029,0.058375,,,
2021-09-26,01,ÖDP,ÖDP,1539,0.087307,3116,0.181623,-0.094317
2021-09-26,02,AfD,AfD,50537,5.025837,76511,7.822267,-2.79643
2021-09-26,02,BÜNDNIS21,BÜNDNIS21,386,0.038387,,,
2021-09-26,02,CDU,CDU,155220,15.43642,266312,27.226981,-11.79056
2021-09-26,02,DKP,DKP,532,0.052907,511,0.052243,0.000663
2021-09-26,02,Die Humanisten,Die Humanisten,1203,0.119637,,,
2021-09-26,02,Die Linke,DIE LINKE,67578,6.720541,119076,12.173991,-5.45345
2021-09-26,02,Die PARTEI,Die PARTEI,10147,1.009106,15388,1.573225,-0.56412
2021-09-26,02,FDP,FDP,114602,11.397015,105610,10.797266,0.599749
2021-09-26,02,FREIE WÄHLER,FREIE WÄHLER,5601,0.557012,3458,0.353536,0.203476
2021-09-26,02,GRÜNE,GRÜNE,250532,24.915071,136371,13.942183,10.972888
2021-09-26,02,HEIMAT (2021: NPD),HEIMAT (2021: NPD),648,0.064443,1799,0.183925,-0.119482
2021-09-26,02,MLPD,MLPD,348,0.034608,688,0.070339,-0.035731
2021-09-26,02,PIRATEN,PIRATEN,4377,0.435287,,,
2021-09-26,02,SPD,SPD,298342,29.669711,229862,23.500437,6.169275
2021-09-26,02,Team Todenhöfer,Team Todenhöfer,8952,0.890264,,,
2021-09-26,02,Tierschutzpartei,Tierschutzpartei,12325,1.225705,8813,0.901016,0.324689
2021-09-26,02,V-Partei³,V-Partei³,1219,0.121228,2169,0.221752,-0.100524
2021-09-26,02,Volt,Volt,5429,0.539907,,,
2021-09-26,02,Wir Bürger (2021: LKR),Wir Bürger (2021: LKR),248,0.024663,,,
2021-09-26,02,dieBasis,dieBasis,13961,1.388403,,,
2021-09-26,02,du.,du.,1341,0.133361,,,
2021-09-26,02,ÖDP,ÖDP,2016,0.200488,2778,0.284015,-0.083526
2021-09-26,03,AfD,AfD,336434,7.43793,422362,9.088965,-1.651035
2021-09-26,03,CDU,CDU,1093579,24.176997,1623481,34.93629,-10.759293
2021-09-26,03,DKP,DKP,1020,0.02255,1100,0.023671,-0.001121
2021-09-26,03,Die Humanisten,Die Humanisten,3806,0.084144,,,
2021-09-26,03,Die Linke,DIE LINKE,148657,3.28653,322979,6.950305,-3.663775
2021-09-26,03,Die PARTEI,Die PARTEI,40158,0.887819,41228,0.887201,0.000618
2021-09-26,03,FDP,FDP,474638,10.493363,431405,9.283564,1.209799
2021-09-26,03,FREIE WÄHLER,FREIE WÄHLER,37214,0.822732,19178,0.412698,0.410034
2021-09-26,03,GRÜNE,GRÜNE,726613,16.064061,404825,8.711579,7.352482
2021-09-26,03,HEIMAT (2021: NPD),HEIMAT (2021: NPD),4379,0.096812,12034,0.258964,-0.162153
2021-09-26,03,MLPD,MLPD,808,0.017863,1616,0.034775,-0.016912
2021-09-26,03,PIRATEN,PIRATEN,16955,0.374844,17683,0.380527,-0.005684
2021-09-26,03,SPD,SPD,1498500,33.129047,1275172,27.440899,5.688148
2021-09-26,03,Team Todenhöfer,Team Todenhöfer,13565,0.299897,,,
2021-09-26,03,Tierschutzpartei,Tierschutzpartei,57931,1.280747,40487,0.871255,0.409492
2021-09-26,03,V-Partei³,V-Partei³,3283,0.072581,6076,0.130752,-0.058171
2021-09-26,03,Volt,Volt,11897,0.263021,,,
2021-09-26,03,Wir Bürger (2021: LKR),Wir Bürger (2021: LKR),1306,0.028873,,,
2021-09-26,03,dieBasis,dieBasis,46369,1.025132,,,
2021-09-26,03,du.,du.,2625,0.058034,,,
2021-09-26,03,ÖDP,ÖDP,3484,0.077025,4771,0.102669,-0.025644
2021-09-26,04,AfD,AfD,22575,6.881783,33244,10.003521,-3.121738
2021-09-26,04,CDU,CDU,56499,17.223204,83409,25.098774,-7.87557
2021-09-26,04,Die Humanisten,Die Humanisten,589,0.179551,,,
2021-09-26,04,Die Linke,DIE LINKE,25352,7.728326,44629,13.429405,-5.701079
2021-09-26,04,Die PARTEI,Die PARTEI,3909,1.191623,5511,1.658326,-0.466703
2021-09-26,04,FDP,FDP,30481,9.291855,31056,9.345125,-0.05327
2021-09-26,04,FREIE WÄHLER,FREIE WÄHLER,2911,0.887392,1194,0.359289,0.528103
2021-09-26,04,GRÜNE,GRÜNE,68427,20.859346,36733,11.053403,9.805944
2021-09-26,04,HEIMAT (2021: NPD),HEIMAT (2021: NPD),291,0.088709,863,0.259687,-0.170978
2021-09-26,04,MENSCHLICHE WELT,MENSCHLICHE WELT,386,0.117669,905,0.272325,-0.154657
2021-09-26,04,MLPD,MLPD,160,0.048775,273,0.082149,-0.033374
2021-09-26,04,SPD,SPD,103224,31.466894,88944,26.764323,4.702572
2021-09-26,04,Team Todenhöfer,Team Todenhöfer,3014,0.91879,,,
2021-09-26,04,Tierschutzpartei,Tierschutzpartei,4517,1.376966,,,
2021-09-26,04,V-Partei³,V-Partei³,515,0.156993,1019,0.306629,-0.149636
2021-09-26,04,Volt,Volt,1322,0.403,,,
2021-09-26,04,dieBasis,dieBasis,3461,1.055054,,,
2021-09-26,04,ÖDP,ÖDP,407,0.12407,,,
2021-09-26,05,AfD,AfD,717510,7.256349,928425,9.422404,-2.166055
2021-09-26,05,Bündnis C,Bündnis C,10128,0.102427,,,
2021-09-26,05,CDU,CDU,2566719,25.95784,3214013,32.618391,-6.660551
2021-09-26,05,DKP,DKP,2556,0.025849,2217,0.0225,0.00335
2021-09-26,05,Die Humanisten,Die Humanisten,7685,0.07772,5991,0.060801,0.016919
2021-09-26,05,Die Linke,DIE LINKE,366947,3.711022,736904,7.478695,-3.767673
2021-09-26,05,Die PARTEI,Die PARTEI,108504,1.097327,81576,0.827899,0.269428
2021-09-26,05,FDP,FDP,1130154,11.429516,1293052,13.122932,-1.693416
2021-09-26,05,FREIE WÄHLER,FREIE WÄHLER,64990,0.657259,27788,0.282015,0.375244
2021-09-26,05,GRÜNE,GRÜNE,1587067,16.050386,744970,7.560555,8.489831
2021-09-26,05,HEIMAT (2021: NPD),HEIMAT (2021: NPD),8956,0.090574,21287,0.216038,-0.125463
2021-09-26,05,LIEBE,LIEBE,12967,0.131138,,,
2021-09-26,05,LfK,LfK,9189,0.092931,,,
2021-09-26,05,MLPD,MLPD,3476,0.035154,6425,0.065206,-0.030052
2021-09-26,05,PIRATEN,PIRATEN,36789,0.372056,43580,0.442285,-0.070229
2021-09-26,05,PdF,PdF,3228,0.032646,,,
2021-09-26,05,SGP,SGP,971,0.00982,818,0.008302,0.001518
2021-09-26,05,SPD,SPD,2880226,29.128411,2557876,25.959384,3.169027
2021-09-26,05,Team Todenhöfer,Team Todenhöfer,65137,0.658746,,,
2021-09-26,05,Tierschutzpartei,Tierschutzpartei,136195,1.377372,73941,0.750413,0.62696
2021-09-26,05,V-Partei³,V-Partei³,6628,0.067031,10513,0.106694,-0.039664
2021-09-26,05,Verjüngungsforschung (2021: Gesundheitsforschung),Verjüngungsforschung (2021: Gesundheitsforschung),11673,0.118052,9043,0.091776,0.026276
2021-09-26,05,Volt,Volt,36039,0.364471,,,
2021-09-26,05,Wir Bürger (2021: LKR),Wir Bürger (2021: LKR),2298,0.02324,,,
2021-09-26,05,dieBasis,dieBasis,99217,1.003405,,,
2021-09-26,05,du.,du.,4729,0.047826,,,
2021-09-26,05,ÖDP,ÖDP,8052,0.081432,12044,0.122232,-0.0408
2021-09-26,06,AfD,AfD,290978,8.815351,398712,11.90576,-3.090409
2021-09-26,06,BÜNDNIS21,BÜNDNIS21,1166,0.035325,,,
2021-09-26,06,Bündnis C,Bündnis C,4412,0.133664,,,
2021-09-26,06,CDU,CDU,753512,22.828094,1033200,30.851922,-8.023828
2021-09-26,06,DKP,DKP,1294,0.039202,1138,0.033981,0.005221
2021-09-26,06,Die Humanisten,Die Humanisten,3551,0.10758,,,
2021-09-26,06,Die Linke,DIE LINKE,142585,4.319697,271158,8.096927,-3.77723
2021-09-26,06,Die PARTEI,Die PARTEI,29569,0.89581,30500,0.910747,-0.014936
2021-09-26,06,FDP,FDP,421621,12.773259,386742,11.548329,1.224929
2021-09-26,06,FREIE WÄHLER,FREIE WÄHLER,56155,1.701249,28507,0.851235,0.850014
2021-09-26,06,GRÜNE,GRÜNE,521411,15.796456,323736,9.666935,6.129521
2021-09-26,06,HEIMAT (2021: NPD),HEIMAT (2021: NPD),4511,0.136663,11904,0.35546,-0.218797
2021-09-26,06,MLPD,MLPD,906,0.027448,1627,0.048583,-0.021135
2021-09-26,06,PIRATEN,PIRATEN,13152,0.398448,14448,0.431425,-0.032978
2021-09-26,06,SPD,SPD,910035,27.570051,788427,23.542865,4.027186
2021-09-26,06,Team Todenhöfer,Team Todenhöfer,21897,0.663383,,,
2021-09-26,06,Tierschutzpartei,Tierschutzpartei,49047,1.485908,34079,1.017618,0.46829
2021-09-26,06,V-Partei³,V-Partei³,3128,0.094765,5246,0.156648,-0.061884
2021-09-26,06,Verjüngungsforschung (2021: Gesundheitsforschung),Verjüngungsforschung (2021: Gesundheitsforschung),4891,0.148176,,,
2021-09-26,06,Volt,Volt,19268,0.583736,,,
2021-09-26,06,Wir Bürger (2021: LKR),Wir Bürger (2021: LKR),932,0.028235,,,
2021-09-26,06,dieBasis,dieBasis,43106,1.305922,,,
2021-09-26,06,ÖDP,ÖDP,3683,0.111579,6042,0.180417,-0.068839
2021-09-26,07,AfD,AfD,215205,9.219837,265688,11.246024,-2.026188
2021-09-26,07,CDU,CDU,576533,24.699891,848003,35.894216,-11.194325
2021-09-26,07,DiB,DiB,1796,0.076944,,,
2021-09-26,07,Die Humanisten,Die Humanisten,2284,0.097851,,,
2021-09-26,07,Die Linke,DIE LINKE,76123,3.26127,160912,6.811073,-3.549803
2021-09-26,07,Die PARTEI,Die PARTEI,20844,0.893001,23957,1.01405,-0.121049
2021-09-26,07,FDP,FDP,272451,11.672376,245235,10.380291,1.292085
2021-09-26,07,FREIE WÄHLER,FREIE WÄHLER,84396,3.615703,32263,1.365626,2.250077
2021-09-26,07,GRÜNE,GRÜNE,293135,12.558522,179233,7.586563,4.97196
2021-09-26,07,HEIMAT (2021: NPD),HEIMAT (2021: NPD),2779,0.119058,7025,0.297354,-0.178296
2021-09-26,07,MLPD,MLPD,469,0.020093,842,0.03564,-0.015547
2021-09-26,07,PIRATEN,PIRATEN,9530,0.408285,10792,0.456803,-0.048518
2021-09-26,07,SPD,SPD,685534,29.369724,570518,24.148849,5.220875
2021-09-26,07,Team Todenhöfer,Team Todenhöfer,8578,0.3675,,,
2021-09-26,07,Tierschutzpartei,Tierschutzpartei,35759,1.531991,,,
2021-09-26,07,V-Partei³,V-Partei³,2202,0.094338,6203,0.26256,-0.168222
2021-09-26,07,Volt,Volt,11110,0.475976,,,
2021-09-26,07,Wir Bürger (2021: LKR),Wir Bürger (2021: LKR),1044,0.044727,,,
2021-09-26,07,dieBasis,dieBasis,28719,1.230383,,,
2021-09-26,07,ÖDP,ÖDP,5661,0.242529,7330,0.310264,-0.067735
2021-09-26,08,AfD,AfD,571336,9.602834,730499,12.189269,-2.586435
2021-09-26,08,BÜNDNIS21,BÜNDNIS21,1936,0.03254,,,
2021-09-26,08,BÜRGERBEWEGUNG,BÜRGERBEWEGUNG,7491,0.125906,,,
2021-09-26,08,Bündnis C,Bündnis C,12625,0.212197,,,
2021-09-26,08,CDU,CDU,1477612,24.835234,2061687,34.401769,-9.566535
2021-09-26,08,DKP,DKP,1107,0.018606,1006,0.016786,0.00182
2021-09-26,08,DiB,DiB,5388,0.09056,9241,0.154197,-0.063638
2021-09-26,08,Die Humanisten,Die Humanisten,6775,0.113872,,,
2021-09-26,08,Die Linke,DIE LINKE,196874,3.308996,380727,6.352896,-3.0439
2021-09-26,08,Die PARTEI,Die PARTEI,53597,0.900841,43883,0.732242,0.1686
2021-09-26,08,FDP,FDP,908039,15.262032,762008,12.715035,2.546996
2021-09-26,08,FREIE WÄHLER,FREIE WÄHLER,103611,1.741461,42133,0.703041,1.03842
2021-09-26,08,GRÜNE,GRÜNE,1022226,17.181251,807205,13.469203,3.712048
2021-09-26,08,HEIMAT (2021: NPD),HEIMAT (2021: NPD),6036,0.101451,15745,0.262725,-0.161273
2021-09-26,08,MLPD,MLPD,2248,0.037784,4276,0.07135,-0.033567
2021-09-26,08,PIRATEN,PIRATEN,21530,0.361869,27205,0.453949,-0.092079
2021-09-26,08,SPD,SPD,1287934,21.647187,982370,16.392045,5.255142
2021-09-26,08,Team Todenhöfer,Team Todenhöfer,26780,0.45011,,,
2021-09-26,08,Tierschutzpartei,Tierschutzpartei,74702,1.255568,51355,0.856921,0.398647
2021-09-26,08,Verjüngungsforschung (2021: Gesundheitsforschung),Verjüngungsforschung (2021: Gesundheitsforschung),7059,0.118645,,,
2021-09-26,08,Volt,Volt,20620,0.346574,,,
2021-09-26,08,Wir Bürger (2021: LKR),Wir Bürger (2021: LKR),1578,0.026523,,,
2021-09-26,08,dieBasis,dieBasis,114919,1.931522,,,
2021-09-26,08,ÖDP,ÖDP,17637,0.296437,21813,0.363977,-0.067539
2021-09-26,09,AfD,AfD,679915,8.980147,916300,12.393805,-3.413658
2021-09-26,09,BP,BP,32790,0.433082,58037,0.785004,-0.351922
2021-09-26,09,Bündnis C,Bündnis C,5574,0.07362,,,
2021-09-26,09,CSU,CSU,2402827,31.735935,2869688,38.815183,-7.079248
2021-09-26,09,DKP,DKP,1288,0.017012,1213,0.016407,0.000605
2021-09-26,09,Die Humanisten,Die Humanisten,6689,0.088347,,,
2021-09-26,09,Die Linke,DIE LINKE,210838,2.784695,450803,6.097527,-3.312832
2021-09-26,09,Die PARTEI,Die PARTEI,53876,0.711581,51607,0.698032,0.013548
2021-09-26,09,FDP,FDP,798591,10.547589,751248,10.161324,0.386266
2021-09-26,09,FREIE WÄHLER,FREIE WÄHLER,566880,7.487209,199198,2.694337,4.792872
2021-09-26,09,GRÜNE,GRÜNE,1067830,14.10363,722116,9.767286,4.336344
2021-09-26,09,HEIMAT (2021: NPD),HEIMAT (2021: NPD),5743,0.075852,20611,0.278783,-0.202931
2021-09-26,09,III. Weg,III. Weg,3544,0.046808,,,
2021-09-26,09,MLPD,MLPD,1251,0.016523,2213,0.029933,-0.01341
2021-09-26,09,PIRATEN,PIRATEN,25865,0.341618,26866,0.363387,-0.021769
2021-09-26,09,SPD,SPD,1361242,17.978942,1130931,15.296887,2.682055
2021-09-26,09,Team Todenhöfer,Team Todenhöfer,24629,0.325294,,,
2021-09-26,09,Tierschutzpartei,Tierschutzpartei,80911,1.068652,66218,0.89566,0.172992
2021-09-26,09,UNABHÄNGIGE,UNABHÄNGIGE,13623,0.179929,,,
2021-09-26,09,V-Partei³,V-Partei³,8331,0.110034,13391,0.181126,-0.071092
2021-09-26,09,Verjüngungsforschung (2021: Gesundheitsforschung),Verjüngungsforschung (2021: Gesundheitsforschung),8524,0.112583,9529,0.128889,-0.016306
2021-09-26,09,Volt,Volt,21434,0.283095,,,
2021-09-26,09,Wir Bürger (2021: LKR),Wir Bürger (2021: LKR),1806,0.023853,,,
2021-09-26,09,dieBasis,dieBasis,131988,1.743264,,,
2021-09-26,09,du.,du.,4200,0.055473,,,
2021-09-26,09,ÖDP,ÖDP,51124,0.675233,66801,0.903545,-0.228312
2021-09-26,10,AfD,AfD,57629,10.045706,58920,10.067355,-0.021649
2021-09-26,10,CDU,CDU,135134,23.556134,189573,32.391356,-8.835222
2021-09-26,10,Die Linke,DIE LINKE,41130,7.169652,75448,12.891409,-5.721756
2021-09-26,10,Die PARTEI,Die PARTEI,9978,1.739334,7475,1.277214,0.462119
2021-09-26,10,FDP,FDP,65945,11.495325,44477,7.599554,3.89577
2021-09-26,10,FREIE WÄHLER,FREIE WÄHLER,11746,2.047526,4825,0.824423,1.223103
2021-09-26,10,HEIMAT (2021: NPD),HEIMAT (2021: NPD),1375,0.239686,3106,0.530706,-0.29102
2021-09-26,10,MLPD,MLPD,357,0.062231,427,0.072959,-0.010728
2021-09-26,10,PIRATEN,PIRATEN,3419,0.595989,2937,0.50183,0.094159
2021-09-26,10,SPD,SPD,213777,37.264934,158895,27.149565,10.115369
2021-09-26,10,Team Todenhöfer,Team Todenhöfer,2281,0.397617,,,
2021-09-26,10,Tierschutzpartei,Tierschutzpartei,16231,2.829337,,,
2021-09-26,10,Volt,Volt,4019,0.700579,,,
2021-09-26,10,dieBasis,dieBasis,8116,1.414756,,,
2021-09-26,10,ÖDP,ÖDP,2531,0.441196,,,
2021-09-26,11,AfD,AfD,159025,9.44921,225170,12.047348,-2.598139
2021-09-26,11,BüSo,BüSo,665,0.039514,1198,0.064097,-0.024583
2021-09-26,11,CDU,CDU,289140,17.180597,424321,22.702593,-5.521996
2021-09-26,11,DKP,DKP,2187,0.129951,1685,0.090153,0.039798
2021-09-26,11,Die Grauen,Die Grauen,17304,1.028198,10009,0.535515,0.492683
2021-09-26,11,Die Humanisten,Die Humanisten,3235,0.192223,,,
2021-09-26,11,Die Linke,DIE LINKE,194010,11.528006,351170,18.78877,-7.260764
2021-09-26,11,Die PARTEI,Die PARTEI,27199,1.616155,39027,2.088075,-0.47192
2021-09-26,11,FDP,FDP,136998,8.140373,167046,8.93752,-0.797147
2021-09-26,11,FREIE WÄHLER,FREIE WÄHLER,14953,0.888502,5354,0.286457,0.602045
2021-09-26,11,GRÜNE,GRÜNE,370735,22.028943,234947,12.570451,9.458493
2021-09-26,11,HEIMAT (2021: NPD),HEIMAT (2021: NPD),1766,0.104935,,,
2021-09-26,11,MLPD,MLPD,750,0.044565,1617,0.086515,-0.04195
2021-09-26,11,PIRATEN,PIRATEN,6580,0.390981,10894,0.582865,-0.191884
2021-09-26,11,SGP,SGP,428,0.025432,473,0.025307,0.000125
2021-09-26,11,SPD,SPD,374413,22.247489,334253,17.883654,4.363835
2021-09-26,11,Team Todenhöfer,Team Todenhöfer,17487,1.039071,,,
2021-09-26,11,Tierschutzpartei,Tierschutzpartei,43598,2.590578,25415,1.359788,1.23079
2021-09-26,11,V-Partei³,V-Partei³,1178,0.069996,2733,0.146225,-0.076228
2021-09-26,11,Verjüngungsforschung (2021: Gesundheitsforschung),Verjüngungsforschung (2021: Gesundheitsforschung),4297,0.255326,4832,0.258528,-0.003202
2021-09-26,11,Volt,Volt,10471,0.622183,,,
2021-09-26,11,Wir Bürger (2021: LKR),Wir Bürger (2021: LKR),1401,0.083247,,,
2021-09-26,11,du.,du.,2512,0.149262,3032,0.162222,-0.01296
2021-09-26,11,ÖDP,ÖDP,2613,0.155264,3206,0.171532,-0.016268
2021-09-26,12,AfD,AfD,277412,18.135735,301103,20.196991,-2.061256
2021-09-26,12,CDU,CDU,233891,15.290561,397839,26.685721,-11.39516
2021-09-26,12,DKP,DKP,1978,0.129311,2514,0.168631,-0.03932
2021-09-26,12,Die Humanisten,Die Humanisten,1892,0.123689,,,
2021-09-26,12,Die Linke,DIE LINKE,129762,8.483156,255721,17.152917,-8.669761
2021-09-26,12,Die PARTEI,Die PARTEI,19199,1.255129,19471,1.30605,-0.050921
2021-09-26,12,FDP,FDP,142426,9.311061,105485,7.075584,2.235477
2021-09-26,12,FREIE WÄHLER,FREIE WÄHLER,40509,2.648265,17762,1.191416,1.456849
2021-09-26,12,GRÜNE,GRÜNE,137472,8.987195,74971,5.028806,3.958389
2021-09-26,12,HEIMAT (2021: NPD),HEIMAT (2021: NPD),4868,0.318244,12993,0.871527,-0.553283
2021-09-26,12,MLPD,MLPD,842,0.055046,1277,0.085657,-0.030611
2021-09-26,12,PIRATEN,PIRATEN,6340,0.414476,,,
2021-09-26,12,SPD,SPD,450573,29.456089,261822,17.562152,11.893937
2021-09-26,12,Team Todenhöfer,Team Todenhöfer,3353,0.219201,,,
2021-09-26,12,Tierschutzpartei,Tierschutzpartei,39823,2.603418,26243,1.760293,0.843125
2021-09-26,12,UNABHÄNGIGE,UNABHÄNGIGE,9113,0.59576,,,
2021-09-26,12,Volt,Volt,4293,0.280654,,,
2021-09-26,12,dieBasis,dieBasis,23062,1.507672,,,
2021-09-26,12,ÖDP,ÖDP,2835,0.185337,2496,0.167423,0.017914
2021-09-26,13,AfD,AfD,165342,17.994273,172409,18.588371,-0.594098
2021-09-26,13,CDU,CDU,160103,17.42411,307263,33.127729,-15.703619
2021-09-26,13,DKP,DKP,754,0.082058,,,
2021-09-26,13,Die Humanisten,Die Humanisten,1277,0.138977,,,
2021-09-26,13,Die Linke,DIE LINKE,101735,11.071884,165368,17.829242,-6.757358
2021-09-26,13,Die PARTEI,Die PARTEI,7900,0.859762,9309,1.003655,-0.143893
2021-09-26,13,FDP,FDP,75555,8.222698,57895,6.241981,1.980717
2021-09-26,13,FREIE WÄHLER,FREIE WÄHLER,13344,1.452236,7543,0.813253,0.638983
2021-09-26,13,GRÜNE,GRÜNE,71956,7.831017,39514,4.260224,3.570793
2021-09-26,13,HEIMAT (2021: NPD),HEIMAT (2021: NPD),6400,0.696516,10408,1.122144,-0.425628
2021-09-26,13,MLPD,MLPD,709,0.077161,1366,0.147276,-0.070115
2021-09-26,13,PIRATEN,PIRATEN,4259,0.46351,,,
2021-09-26,13,SPD,SPD,267368,29.097827,139689,15.060646,14.037181
2021-09-26,13,Team Todenhöfer,Team Todenhöfer,2146,0.233551,,,
2021-09-26,13,Tierschutzpartei,Tierschutzpartei,20582,2.239952,12507,1.348449,0.891503
2021-09-26,13,Volt,Volt,1904,0.207214,,,
2021-09-26,13,dieBasis,dieBasis,16336,1.777857,,,
2021-09-26,13,ÖDP,ÖDP,1189,0.1294,1205,0.129918,-0.000518
2021-09-26,14,AfD,AfD,607044,24.647559,669940,27.020203,-2.372644
2021-09-26,14,Bündnis C,Bündnis C,7129,0.289456,,,
2021-09-26,14,CDU,CDU,422879,17.169983,665751,26.851251,-9.681268
2021-09-26,14,DKP,DKP,1725,0.070039,,,
2021-09-26,14,Die Humanisten,Die Humanisten,4003,0.162532,,,
2021-09-26,14,Die Linke,DIE LINKE,230012,9.339083,398627,16.077533,-6.73845
2021-09-26,14,Die PARTEI,Die PARTEI,31905,1.295426,31999,1.290592,0.004833
2021-09-26,14,FDP,FDP,271166,11.010042,203662,8.214151,2.795891
2021-09-26,14,FREIE WÄHLER,FREIE WÄHLER,56654,2.300299,27471,1.107968,1.192331
2021-09-26,14,GRÜNE,GRÜNE,212320,8.620742,113608,4.582069,4.038673
2021-09-26,14,HEIMAT (2021: NPD),HEIMAT (2021: NPD),7469,0.303261,28215,1.137975,-0.834714
2021-09-26,14,III. Weg,III. Weg,4288,0.174104,,,
2021-09-26,14,MLPD,MLPD,1562,0.063421,2566,0.103493,-0.040071
2021-09-26,14,PIRATEN,PIRATEN,10433,0.423607,11056,0.445914,-0.022307
2021-09-26,14,SPD,SPD,474804,19.278273,261105,10.530958,8.747314
2021-09-26,14,Team Todenhöfer,Team Todenhöfer,6229,0.252914,,,
2021-09-26,14,Tierschutzpartei,Tierschutzpartei,47939,1.946448,35121,1.41651,0.529938
2021-09-26,14,V-Partei³,V-Partei³,2464,0.100045,4058,0.163668,-0.063624
2021-09-26,14,Verjüngungsforschung (2021: Gesundheitsforschung),Verjüngungsforschung (2021: Gesundheitsforschung),12052,0.489342,,,
2021-09-26,14,Volt,Volt,6674,0.270982,,,
2021-09-26,14,dieBasis,dieBasis,38090,1.546553,,,
2021-09-26,14,ÖDP,ÖDP,6056,0.245889,6809,0.274622,-0.028733
2021-09-26,15,AfD,AfD,235492,19.592659,244401,19.630918,-0.038259
2021-09-26,15,CDU,CDU,252286,20.9899,377411,30.314624,-9.324724
2021-09-26,15,Die Humanisten,Die Humanisten,1415,0.117726,,,
2021-09-26,15,Die Linke,DIE LINKE,115330,9.595321,220858,17.739883,-8.144562
2021-09-26,15,Die PARTEI,Die PARTEI,9763,0.81227,13554,1.088692,-0.276422
2021-09-26,15,FDP,FDP,114024,9.486663,96555,7.755546,1.731117
2021-09-26,15,FREIE WÄHLER,FREIE WÄHLER,22509,1.872722,14392,1.156003,0.71672
2021-09-26,15,GRÜNE,GRÜNE,78701,6.547831,46243,3.714357,2.833474
2021-09-26,15,Gartenpartei,Gartenpartei,7611,0.633226,5617,0.451172,0.182054
2021-09-26,15,HEIMAT (2021: NPD),HEIMAT (2021: NPD),3002,0.249763,9737,0.782101,-0.532338
2021-09-26,15,MLPD,MLPD,1042,0.086693,1847,0.148356,-0.061663
2021-09-26,15,PIRATEN,PIRATEN,4067,0.33837,,,
2021-09-26,15,SPD,SPD,305085,25.382715,188980,15.17936,10.203354
2021-09-26,15,Tierschutzallianz,Tierschutzallianz,13672,1.137494,18715,1.503237,-0.365743
2021-09-26,15,Tierschutzpartei,Tierschutzpartei,14483,1.204969,,,
2021-09-26,15,Volt,Volt,2097,0.174468,,,
2021-09-26,15,dieBasis,dieBasis,19213,1.598499,,,
2021-09-26,15,du.,du.,1302,0.108325,,,
2021-09-26,15,ÖDP,ÖDP,846,0.070386,,,
2021-09-26,16,AfD,AfD,303233,23.972675,294069,22.717714,1.25496
2021-09-26,16,CDU,CDU,213414,16.871859,372258,28.75805,-11.886191
2021-09-26,16,Die Humanisten,Die Humanisten,1357,0.10728,,,
2021-09-26,16,Die Linke,DIE LINKE,144693,11.438987,218212,16.857533,-5.418546
2021-09-26,16,Die PARTEI,Die PARTEI,16013,1.265939,19132,1.478005,-0.212066
2021-09-26,16,FDP,FDP,114283,9.034865,101129,7.812519,1.222346
2021-09-26,16,FREIE WÄHLER,FREIE WÄHLER,27151,2.146475,21131,1.632433,0.514042
2021-09-26,16,GRÜNE,GRÜNE,83220,6.579119,53340,4.120675,2.458444
2021-09-26,16,HEIMAT (2021: NPD),HEIMAT (2021: NPD),4103,0.324371,16083,1.24246,-0.918089
2021-09-26,16,MENSCHLICHE WELT,MENSCHLICHE WELT,3400,0.268794,,,
2021-09-26,16,MLPD,MLPD,2570,0.203176,1902,0.146935,0.056241
2021-09-26,16,PIRATEN,PIRATEN,6291,0.497347,6057,0.467921,0.029426
2021-09-26,16,SPD,SPD,296446,23.436115,171032,13.212736,10.223379
2021-09-26,16,Team Todenhöfer,Team Todenhöfer,2501,0.197721,,,
2021-09-26,16,Tierschutzpartei,Tierschutzpartei,18973,1.499947,,,
2021-09-26,16,V-Partei³,V-Partei³,1052,0.083168,3450,0.266523,-0.183355
2021-09-26,16,Volt,Volt,3566,0.281917,,,
2021-09-26,16,dieBasis,dieBasis,20189,1.596081,,,
2021-09-26,16,ÖDP,ÖDP,2456,0.194164,6398,0.494265,-0.300101
2025-02-23,01,AfD,AfD,306165,16.285329,119566,6.782909,9.50242
2025-02-23,01,BSW,BSW,64777,3.445576,,,
2025-02-23,01,BÜNDNIS DEUTSCHLAND,BÜNDNIS DEUTSCHLAND,2981,0.158563,,,
2025-02-23,01,CDU,CDU,518424,27.575671,388399,22.033647,5.542024
2025-02-23,01,Die Linke,Die Linke,146428,7.788703,64238,3.644184,4.144519
2025-02-23,01,Die PARTEI,Die PARTEI,13729,0.730264,17870,1.013755,-0.283491
2025-02-23,01,FDP,FDP,88147,4.688658,220039,12.482683,-7.794026
2025-02-23,01,FREIE WÄHLER,FREIE WÄHLER,13675,0.727392,17043,0.966839,-0.239448
2025-02-23,01,GRÜNE,GRÜNE,279923,14.889482,322763,18.310156,-3.420674
2025-02-23,01,MLPD,MLPD,576,0.030638,322,0.018267,0.012371
2025-02-23,01,SPD,SPD,352546,18.752397,494055,28.02745,-9.275053
2025-02-23,01,SSW,SSW,76138,4.049883,55578,3.152907,0.896976
2025-02-23,01,Volt,Volt,16496,0.877444,4157,0.235824,0.64162
2025-02-23,02,AfD,AfD,113608,10.865133,50537,5.025837,5.839296
2025-02-23,02,BSW,BSW,41919,4.009009,,,
2025-02-23,02,BÜNDNIS DEUTSCHLAND,BÜNDNIS DEUTSCHLAND,1279,0.12232,,,
2025-02-23,02,CDU,CDU,216935,20.747021,155220,15.43642,5.3106
2025-02-23,02,Die Linke,Die Linke,151115,14.452191,67578,6.720541,7.73165
2025-02-23,02,Die PARTEI,Die PARTEI,4518,0.432088,10147,1.009106,-0.577017
2025-02-23,02,FDP,FDP,47115,4.505939,114602,11.397015,-6.891076
2025-02-23,02,FREIE WÄHLER,FREIE WÄHLER,3866,0.369733,5601,0.557012,-0.187279
2025-02-23,02,GRÜNE,GRÜNE,201713,19.291234,250532,24.915071,-5.623837
2025-02-23,02,MLPD,MLPD,528,0.050496,348,0.034608,0.015888
2025-02-23,02,SPD,SPD,237740,22.736749,298342,29.669711,-6.932962
2025-02-23,02,Tierschutzpartei,Tierschutzpartei,9735,0.931027,12325,1.225705,-0.294678
2025-02-23,02,Volt,Volt,15549,1.48706,5429,0.539907,0.947154
2025-02-23,03,AfD,AfD,894540,17.836093,336434,7.43793,10.398163
2025-02-23,03,BSW,BSW,189376,3.775938,,,
2025-02-23,03,BÜNDNIS DEUTSCHLAND,BÜNDNIS DEUTSCHLAND,6290,0.125415,,,
2025-02-23,03,CDU,CDU,1410418,28.122104,1093579,24.176997,3.945107
2025-02-23,03,Die Linke,Die Linke,405519,8.08558,148657,3.28653,4.79905
2025-02-23,03,Die PARTEI,Die PARTEI,22360,0.445833,40158,0.887819,-0.441986
2025-02-23,03,FDP,FDP,205163,4.090713,474638,10.493363,-6.40265
2025-02-23,03,FREIE WÄHLER,FREIE WÄHLER,37628,0.750259,37214,0.822732,-0.072473
2025-02-23,03,GRÜNE,GRÜNE,576845,11.501622,726613,16.064061,-4.562439
2025-02-23,03,MLPD,MLPD,1242,0.024764,808,0.017863,0.006901
2025-02-23,03,PIRATEN,PIRATEN,8029,0.160089,16955,0.374844,-0.214755
2025-02-23,03,PdH,PdH,3342,0.066636,3806,0.084144,-0.017508
2025-02-23,03,SPD,SPD,1153523,22.999915,1498500,33.129047,-10.129132
2025-02-23,03,Tierschutzpartei,Tierschutzpartei,58107,1.158586,57931,1.280747,-0.12216
2025-02-23,03,Volt,Volt,30488,0.607895,11897,0.263021,0.344875
2025-02-23,03,dieBasis,dieBasis,12466,0.248558,46369,1.025132,-0.776575
2025-02-23,04,AfD,AfD,52496,15.073969,22575,6.881783,8.192186
2025-02-23,04,BSW,BSW,15114,4.339911,,,
2025-02-23,04,BÜNDNIS DEUTSCHLAND,BÜNDNIS DEUTSCHLAND,933,0.267906,,,
2025-02-23,04,CDU,CDU,71573,20.551835,56499,17.223204,3.328631
2025-02-23,04,Die Linke,Die Linke,51461,14.776773,25352,7.728326,7.048448
2025-02-23,04,Die PARTEI,Die PARTEI,2582,0.741409,3909,1.191623,-0.450214
2025-02-23,04,FDP,FDP,12295,3.530449,30481,9.291855,-5.761406
2025-02-23,04,FREIE WÄHLER,FREIE WÄHLER,1618,0.464601,2911,0.887392,-0.422791
2025-02-23,04,GRÜNE,GRÜNE,54280,15.586235,68427,20.859346,-5.273111
2025-02-23,04,MENSCHLICHE WELT,MENSCHLICHE WELT,694,0.199279,386,0.117669,0.08161
2025-02-23,04,MERA25,MERA25,260,0.074658,,,
2025-02-23,04,MLPD,MLPD,207,0.059439,160,0.048775,0.010664
2025-02-23,04,SPD,SPD,80604,23.145043,103224,31.466894,-8.321852
2025-02-23,04,Verjüngungsforschung,Verjüngungsforschung,303,0.087005,,,
2025-02-23,04,Volt,Volt,3836,1.101489,1322,0.403,0.698489
2025-02-23,05,AfD,AfD,1770379,16.818891,717510,7.256349,9.562542
2025-02-23,05,BSW,BSW,432911,4.112726,,,
2025-02-23,05,BÜNDNIS DEUTSCHLAND,BÜNDNIS DEUTSCHLAND,13669,0.129858,,,
2025-02-23,05,CDU,CDU,3170627,30.121477,2566719,25.95784,4.163637
2025-02-23,05,Die Linke,Die Linke,877123,8.332812,366947,3.711022,4.62179
2025-02-23,05,Die PARTEI,Die PARTEI,59077,0.561241,108504,1.097327,-0.536086
2025-02-23,05,FDP,FDP,462446,4.393313,1130154,11.429516,-7.036203
2025-02-23,05,FREIE WÄHLER,FREIE WÄHLER,52891,0.502473,64990,0.657259,-0.154786
2025-02-23,05,GRÜNE,GRÜNE,1300901,12.358773,1587067,16.050386,-3.691613
2025-02-23,05,MERA25,MERA25,4295,0.040803,,,
2025-02-23,05,MLPD,MLPD,4045,0.038428,3476,0.035154,0.003275
2025-02-23,05,PdF,PdF,17965,0.17067,3228,0.032646,0.138025
2025-02-23,05,SPD,SPD,2108434,20.030469,2880226,29.128411,-9.097942
2025-02-23,05,Team Todenhöfer,Team Todenhöfer,20021,0.190203,65137,0.658746,-0.468543
2025-02-23,05,Tierschutzpartei,Tierschutzpartei,133480,1.268082,136195,1.377372,-0.109291
2025-02-23,05,Volt,Volt,68915,0.654704,36039,0.364471,0.290233
2025-02-23,05,WerteUnion,WerteUnion,6736,0.063993,,,
2025-02-23,05,dieBasis,dieBasis,22219,0.211084,99217,1.003405,-0.792321
2025-02-23,06,AfD,AfD,636778,17.782952,290978,8.815351,8.967601
2025-02-23,06,BSW,BSW,158653,4.430616,,,
2025-02-23,06,BÜNDNIS DEUTSCHLAND,BÜNDNIS DEUTSCHLAND,5740,0.160298,,,
2025-02-23,06,CDU,CDU,1033842,28.871542,753512,22.828094,6.043449
2025-02-23,06,Die Linke,Die Linke,311058,8.686747,142585,4.319697,4.36705
2025-02-23,06,Die PARTEI,Die PARTEI,18111,0.505776,29569,0.89581,-0.390034
2025-02-23,06,FDP,FDP,180823,5.049745,421621,12.773259,-7.723513
2025-02-23,06,FREIE WÄHLER,FREIE WÄHLER,46567,1.300451,56155,1.701249,-0.400798
2025-02-23,06,GRÜNE,GRÜNE,451510,12.609074,521411,15.796456,-3.187382
2025-02-23,06,MLPD,MLPD,1170,0.032674,906,0.027448,0.005226
2025-02-23,06,PdH,PdH,3014,0.08417,3551,0.10758,-0.023409
2025-02-23,06,SPD,SPD,657510,18.361924,910035,27.570051,-9.208127
2025-02-23,06,Tierschutzpartei,Tierschutzpartei,44516,1.243174,49047,1.485908,-0.242734
2025-02-23,06,Volt,Volt,31542,0.880856,19268,0.583736,0.297121
2025-02-23,07,AfD,AfD,498695,20.089568,215205,9.219837,10.869731
2025-02-23,07,BSW,BSW,105103,4.233998,,,
2025-02-23,07,BÜNDNIS DEUTSCHLAND,BÜNDNIS DEUTSCHLAND,3884,0.156464,,,
2025-02-23,07,CDU,CDU,760623,30.641148,576533,24.699891,5.941257
2025-02-23,07,Die Linke,Die Linke,161867,6.520695,76123,3.26127,3.259425
2025-02-23,07,Die PARTEI,Die PARTEI,11454,0.461416,20844,0.893001,-0.431585
2025-02-23,07,FDP,FDP,114047,4.594301,272451,11.672376,-7.078075
2025-02-23,07,FREIE WÄHLER,FREIE WÄHLER,52013,2.095306,84396,3.615703,-1.520397
2025-02-23,07,GRÜNE,GRÜNE,256869,10.347782,293135,12.558522,-2.21074
2025-02-23,07,MLPD,MLPD,571,0.023002,469,0.020093,0.002909
2025-02-23,07,SPD,SPD,462705,18.639737,685534,29.369724,-10.729987
2025-02-23,07,Tierschutzpartei,Tierschutzpartei,31542,1.270647,35759,1.531991,-0.261344
2025-02-23,07,Volt,Volt,18846,0.759198,11110,0.475976,0.283222
2025-02-23,07,ÖDP,ÖDP,4139,0.166737,5661,0.242529,-0.075793
2025-02-23,08,AfD,AfD,1256430,19.786305,571336,9.602834,10.183471
2025-02-23,08,BSW,BSW,260219,4.097938,,,
2025-02-23,08,BÜNDNIS DEUTSCHLAND,BÜNDNIS DEUTSCHLAND,7411,0.116709,,,
2025-02-23,08,Bündnis C,Bündnis C,11768,0.185323,12625,0.212197,-0.026874
2025-02-23,08,CDU,CDU,2006866,31.604199,1477612,24.835234,6.768965
2025-02-23,08,Die Linke,Die Linke,429484,6.76353,196874,3.308996,3.454534
2025-02-23,08,Die PARTEI,Die PARTEI,28041,0.441591,53597,0.900841,-0.459251
2025-02-23,08,FDP,FDP,357539,5.630537,908039,15.262032,-9.631495
2025-02-23,08,FREIE WÄHLER,FREIE WÄHLER,86311,1.359229,103611,1.741461,-0.382232
2025-02-23,08,GRÜNE,GRÜNE,865738,13.633674,1022226,17.181251,-3.547577
2025-02-23,08,MLPD,MLPD,2379,0.037465,2248,0.037784,-0.000319
2025-02-23,08,SPD,SPD,898778,14.153989,1287934,21.647187,-7.493198
2025-02-23,08,Tierschutzpartei,Tierschutzpartei,55906,0.88041,74702,1.255568,-0.375158
2025-02-23,08,Volt,Volt,49025,0.772047,20620,0.346574,0.425473
2025-02-23,08,dieBasis,dieBasis,21845,0.344016,114919,1.931522,-1.587506
2025-02-23,08,ÖDP,ÖDP,12258,0.193039,17637,0.296437,-0.103398
2025-02-23,09,AfD,AfD,1515731,19.013055,679915,8.980147,10.032908
2025-02-23,09,BP,BP,12278,0.154013,32790,0.433082,-0.279069
2025-02-23,09,BSW,BSW,246518,3.092277,,,
2025-02-23,09,BÜNDNIS DEUTSCHLAND,BÜNDNIS DEUTSCHLAND,6937,0.087016,,,
2025-02-23,09,CSU,CSU,2964028,37.18023,2402827,31.735935,5.444294
2025-02-23,09,Die Linke,Die Linke,456935,5.73171,210838,2.784695,2.947014
2025-02-23,09,Die PARTEI,Die PARTEI,30552,0.383239,53876,0.711581,-0.328342
2025-02-23,09,FDP,FDP,333257,4.180315,798591,10.547589,-6.367274
2025-02-23,09,FREIE WÄHLER,FREIE WÄHLER,345840,4.338154,566880,7.487209,-3.149054
2025-02-23,09,GRÜNE,GRÜNE,957435,12.009891,1067830,14.10363,-2.093739
2025-02-23,09,MLPD,MLPD,1652,0.020722,1251,0.016523,0.004199
2025-02-23,09,PdH,PdH,5466,0.068565,6689,0.088347,-0.019782
2025-02-23,09,SPD,SPD,920675,11.54878,1361242,17.978942,-6.430162
2025-02-23,09,Tierschutzpartei,Tierschutzpartei,61869,0.776074,80911,1.068652,-0.292579
2025-02-23,09,Volt,Volt,50671,0.635608,21434,0.283095,0.352513
2025-02-23,09,dieBasis,dieBasis,28843,0.361801,131988,1.743264,-1.381463
2025-02-23,09,ÖDP,ÖDP,33367,0.41855,51124,0.675233,-0.256683
2025-02-23,10,AfD,AfD,129294,21.558953,57629,10.045706,11.513247
2025-02-23,10,BSW,BSW,37001,6.169682,,,
2025-02-23,10,BÜNDNIS DEUTSCHLAND,BÜNDNIS DEUTSCHLAND,1487,0.247948,,,
2025-02-23,10,CDU,CDU,161113,26.864569,135134,23.556134,3.308436
2025-02-23,10,Die Linke,Die Linke,44080,7.35006,41130,7.169652,0.180408
2025-02-23,10,FDP,FDP,25725,4.28948,65945,11.495325,-7.205845
2025-02-23,10,FREIE WÄHLER,FREIE WÄHLER,8476,1.413319,11746,2.047526,-0.634207
2025-02-23,10,GRÜNE,GRÜNE,43371,7.231839,,,
2025-02-23,10,MLPD,MLPD,304,0.05069,357,0.062231,-0.011541
2025-02-23,10,PIRATEN,PIRATEN,1753,0.292302,3419,0.595989,-0.303688
2025-02-23,10,SPD,SPD,131136,21.866095,213777,37.264934,-15.398839
2025-02-23,10,Tierschutzpartei,Tierschutzpartei,12263,2.044777,16231,2.829337,-0.784559
2025-02-23,10,Volt,Volt,3720,0.620286,4019,0.700579,-0.080293
2025-02-23,11,AfD,AfD,296990,15.233905,159025,9.44921,5.784695
2025-02-23,11,BSW,BSW,129651,6.650362,,,
2025-02-23,11,BÜNDNIS DEUTSCHLAND,BÜNDNIS DEUTSCHLAND,2960,0.151831,,,
2025-02-23,11,BüSo,BüSo,676,0.034675,665,0.039514,-0.004839
2025-02-23,11,CDU,CDU,356099,18.265862,289140,17.180597,1.085265
2025-02-23,11,Die Linke,Die Linke,387222,19.862295,194010,11.528006,8.334289
2025-02-23,11,Die PARTEI,Die PARTEI,12881,0.660722,27199,1.616155,-0.955433
2025-02-23,11,FDP,FDP,74076,3.799679,136998,8.140373,-4.340694
2025-02-23,11,FREIE WÄHLER,FREIE WÄHLER,6402,0.328386,14953,0.888502,-0.560116
2025-02-23,11,GRÜNE,GRÜNE,328035,16.826337,370735,22.028943,-5.202606
2025-02-23,11,MERA25,MERA25,2439,0.125107,,,
2025-02-23,11,MLPD,MLPD,925,0.047447,750,0.044565,0.002883
2025-02-23,11,PdF,PdF,3423,0.175581,,,
2025-02-23,11,SGP,SGP,425,0.0218,428,0.025432,-0.003632
2025-02-23,11,SPD,SPD,295182,15.141165,374413,22.247489,-7.106324
2025-02-23,11,Team Todenhöfer,Team Todenhöfer,4532,0.232466,17487,1.039071,-0.806605
2025-02-23,11,Tierschutzpartei,Tierschutzpartei,29384,1.507233,43598,2.590578,-1.083345
2025-02-23,11,Volt,Volt,18231,0.935147,10471,0.622183,0.312964
2025-02-23,12,AfD,AfD,535275,32.493332,277412,18.135735,14.357597
2025-02-23,12,BSW,BSW,176405,10.708488,,,
2025-02-23,12,BÜNDNIS DEUTSCHLAND,BÜNDNIS DEUTSCHLAND,4147,0.251739,,,
2025-02-23,12,CDU,CDU,298048,18.092705,233891,15.290561,2.802143
2025-02-23,12,Die Linke,Die Linke,176224,10.697501,129762,8.483156,2.214345
2025-02-23,12,Die PARTEI,Die PARTEI,14706,0.892713,19199,1.255129,-0.362416
2025-02-23,12,FDP,FDP,53467,3.245661,142426,9.311061,-6.065401
2025-02-23,12,FREIE WÄHLER,FREIE WÄHLER,23969,1.455014,40509,2.648265,-1.193251
2025-02-23,12,GRÜNE,GRÜNE,108598,6.592333,137472,8.987195,-2.394862
2025-02-23,12,MLPD,MLPD,1119,0.067928,842,0.055046,0.012882
2025-02-23,12,SPD,SPD,244010,14.812382,450573,29.456089,-14.643707
2025-02-23,12,Volt,Volt,11370,0.690204,4293,0.280654,0.409551
2025-02-23,13,AfD,AfD,357361,34.992783,165342,17.994273,16.99851
2025-02-23,13,BSW,BSW,107872,10.562824,,,
2025-02-23,13,BÜNDNIS DEUTSCHLAND,BÜNDNIS DEUTSCHLAND,3248,0.318044,,,
2025-02-23,13,CDU,CDU,181956,17.817129,160103,17.42411,0.393019
2025-02-23,13,Die Linke,Die Linke,123059,12.049935,101735,11.071884,0.978052
2025-02-23,13,FDP,FDP,32678,3.199829,75555,8.222698,-5.022869
2025-02-23,13,FREIE WÄHLER,FREIE WÄHLER,10814,1.058907,13344,1.452236,-0.393329
2025-02-23,13,GRÜNE,GRÜNE,54719,5.358084,71956,7.831017,-2.472933
2025-02-23,13,MLPD,MLPD,842,0.082449,709,0.077161,0.005288
2025-02-23,13,SPD,SPD,126687,12.405189,267368,29.097827,-16.692638
2025-02-23,13,Tierschutzpartei,Tierschutzpartei,15656,1.533035,20582,2.239952,-0.706917
2025-02-23,13,Volt,Volt,6350,0.621792,1904,0.207214,0.414578
2025-02-23,14,AfD,AfD,958401,37.298079,607044,24.647559,12.65052
2025-02-23,14,BSW,BSW,232257,9.038743,,,
2025-02-23,14,BÜNDNIS DEUTSCHLAND,BÜNDNIS DEUTSCHLAND,7435,0.289348,,,
2025-02-23,14,CDU,CDU,507247,19.740525,422879,17.169983,2.570542
2025-02-23,14,Die Linke,Die Linke,290462,11.303906,230012,9.339083,1.964823
2025-02-23,14,Die PARTEI,Die PARTEI,13692,0.532851,31905,1.295426,-0.762574
2025-02-23,14,FDP,FDP,83436,3.247078,271166,11.010042,-7.762965
2025-02-23,14,FREIE WÄHLER,FREIE WÄHLER,40139,1.562089,56654,2.300299,-0.73821
2025-02-23,14,GRÜNE,GRÜNE,167269,6.509605,212320,8.620742,-2.111137
2025-02-23,14,MLPD,MLPD,1116,0.043431,1562,0.063421,-0.01999
2025-02-23,14,PIRATEN,PIRATEN,4018,0.156368,10433,0.423607,-0.267238
2025-02-23,14,PdH,PdH,2472,0.096203,4003,0.162532,-0.066329
2025-02-23,14,SPD,SPD,217144,8.45059,474804,19.278273,-10.827682
2025-02-23,14,Tierschutzpartei,Tierschutzpartei,29743,1.157508,47939,1.946448,-0.78894
2025-02-23,14,Volt,Volt,14741,0.573675,6674,0.270982,0.302694
2025-02-23,15,AfD,AfD,496110,37.096525,235492,19.592659,17.503866
2025-02-23,15,BSW,BSW,150411,11.246952,,,
2025-02-23,15,BÜNDNIS DEUTSCHLAND,BÜNDNIS DEUTSCHLAND,4517,0.337758,,,
2025-02-23,15,CDU,CDU,256538,19.182577,252286,20.9899,-1.807323
2025-02-23,15,Die Linke,Die Linke,143807,10.753139,115330,9.595321,1.157818
2025-02-23,15,Die PARTEI,Die PARTEI,11038,0.825364,9763,0.81227,0.013094
2025-02-23,15,FDP,FDP,41251,3.084535,114024,9.486663,-6.402128
2025-02-23,15,FREIE WÄHLER,FREIE WÄHLER,18449,1.37952,22509,1.872722,-0.493202
2025-02-23,15,GRÜNE,GRÜNE,59077,4.417471,78701,6.547831,-2.13036
2025-02-23,15,MLPD,MLPD,1132,0.084645,1042,0.086693,-0.002048
2025-02-23,15,SPD,SPD,146535,10.957125,305085,25.382715,-14.42559
2025-02-23,15,Volt,Volt,8484,0.634389,2097,0.174468,0.459921
2025-02-23,16,AfD,AfD,510527,38.554782,303233,23.972675,14.582107
2025-02-23,16,BSW,BSW,124760,9.421822,,,
2025-02-23,16,BÜNDNIS DEUTSCHLAND,BÜNDNIS DEUTSCHLAND,3454,0.260845,,,
2025-02-23,16,CDU,CDU,246065,18.582724,213414,16.871859,1.710865
2025-02-23,16,Die Linke,Die Linke,200688,15.155872,144693,11.438987,3.716886
2025-02-23,16,FDP,FDP,37292,2.816276,114283,9.034865,-6.218589
2025-02-23,16,FREIE WÄHLER,FREIE WÄHLER,20621,1.557289,27151,2.146475,-0.589186
2025-02-23,16,GRÜNE,GRÜNE,56097,4.236422,83220,6.579119,-2.342697
2025-02-23,16,MLPD,MLPD,1743,0.131631,2570,0.203176,-0.071546
2025-02-23,16,SPD,SPD,115915,8.753851,296446,23.436115,-14.682264
2025-02-23,16,Volt,Volt,6998,0.528486,3566,0.281917,0.246569
